shape_id,shape_pt_lat,shape_pt_lon,shape_pt_sequence,shape_dist_traveled
1-depart,45.868000,25.779200,0,0.0
1-depart,45.864200,25.778400,1,427.5
1-depart,45.859600,25.775200,2,996.5
1-depart,45.858700,25.777700,3,1214.7
1-depart,45.858700,25.778100,4,1245.7
1-depart,45.858900,25.778600,5,1290.4
1-depart,45.860900,25.781400,6,1601.4
1-depart,45.861600,25.782000,7,1692.1
1-depart,45.862800,25.784300,8,1914.9
1-depart,45.862900,25.784300,9,1926.0
1-depart,45.863200,25.783700,10,1983.3
1-depart,45.863600,25.783800,11,2028.5
1-depart,45.863200,25.786400,12,2234.9
1-depart,45.864900,25.786900,13,2428.1
1-depart,45.865000,25.787000,14,2441.7
1-depart,45.864600,25.789000,15,2603.0
1-depart,45.864500,25.791100,16,2766.1
1-depart,45.863700,25.793800,17,2993.6
1-depart,45.863700,25.794400,18,3040.1
1-depart,45.864300,25.797000,19,3252.4
1-depart,45.863500,25.802200,20,3665.2
1-depart,45.863400,25.805900,21,3952.3
1-depart,45.863200,25.806500,22,4003.9
1-depart,45.863400,25.807100,23,4055.4
1-depart,45.863200,25.809800,24,4265.9
1-depart,45.863100,25.809900,25,4279.5
1-depart,45.863200,25.810000,26,4293.0
1-return,45.863200,25.810000,0,0.0
1-return,45.863300,25.809900,1,13.6
1-return,45.863200,25.809800,2,27.1
1-return,45.863400,25.807100,3,237.6
1-return,45.863400,25.806500,4,284.1
1-return,45.863400,25.805900,5,330.6
1-return,45.863500,25.802200,6,617.7
1-return,45.864300,25.797000,7,1030.5
1-return,45.863700,25.794400,8,1242.8
1-return,45.863700,25.793800,9,1289.3
1-return,45.864700,25.790300,10,1582.6
1-return,45.864600,25.790300,11,1593.7
1-return,45.864500,25.790100,12,1612.8
1-return,45.864600,25.789400,13,1668.2
1-return,45.865000,25.787000,14,1859.5
1-return,45.864900,25.786900,15,1873.1
1-return,45.863200,25.786400,16,2066.3
1-return,45.863600,25.783800,17,2272.7
1-return,45.863300,25.783700,18,2306.9
1-return,45.862900,25.784100,19,2361.2
1-return,45.862700,25.784000,20,2384.8
1-return,45.861600,25.782000,21,2582.4
1-return,45.860900,25.781400,22,2673.1
1-return,45.858900,25.778600,23,2984.1
1-return,45.858700,25.778100,24,3028.8
1-return,45.858700,25.777700,25,3059.8
1-return,45.859600,25.775200,26,3277.9
1-return,45.864200,25.778400,27,3846.9
1-return,45.867100,25.779000,28,4173.1
1B-depart,45.868000,25.779200,0,0.0
1B-depart,45.864200,25.778400,1,427.5
1B-depart,45.859600,25.775200,2,996.5
1B-depart,45.858700,25.777700,3,1214.7
1B-depart,45.858700,25.778100,4,1245.7
1B-depart,45.858900,25.778600,5,1290.4
1B-depart,45.860900,25.781400,6,1601.4
1B-depart,45.861600,25.782000,7,1692.1
1B-depart,45.862800,25.784300,8,1914.9
1B-depart,45.862900,25.784300,9,1926.0
1B-depart,45.863200,25.783700,10,1983.3
1B-depart,45.863600,25.783800,11,2028.5
1B-depart,45.863200,25.786400,12,2234.9
1B-depart,45.864900,25.786900,13,2428.1
1B-depart,45.865000,25.787000,14,2441.7
1B-depart,45.864600,25.789000,15,2603.0
1B-depart,45.864500,25.791100,16,2766.1
1B-depart,45.863700,25.793800,17,2993.6
1B-depart,45.863700,25.794400,18,3040.1
1B-depart,45.864300,25.797000,19,3252.4
1B-depart,45.863500,25.802200,20,3665.2
1B-depart,45.863400,25.805900,21,3952.3
1B-depart,45.863200,25.806500,22,4003.9
1B-depart,45.863400,25.807100,23,4055.4
1B-depart,45.863300,25.809300,24,4226.3
1B-depart,45.863200,25.809800,25,4266.7
1B-depart,45.863100,25.809900,26,4280.2
1B-depart,45.863200,25.810000,27,4293.8
1B-depart,45.866100,25.810200,28,4617.0
1B-depart,45.865700,25.816000,29,5068.8
1B-depart,45.865500,25.818000,30,5225.4
1B-depart,45.863500,25.831300,31,6280.2
1B-depart,45.863400,25.832000,32,6335.6
1B-depart,45.863100,25.832400,33,6381.1
1B-depart,45.863200,25.833100,34,6436.5
1B-depart,45.863100,25.834000,35,6507.2
1B-depart,45.862600,25.837600,36,6791.7
1B-depart,45.862500,25.838000,37,6824.7
1B-depart,45.862500,25.838400,38,6855.7
1B-depart,45.862300,25.839900,39,6974.1
1B-depart,45.862200,25.840100,40,6993.2
1B-depart,45.861900,25.840100,41,7026.6
1B-depart,45.861800,25.840700,42,7074.4
1B-depart,45.862000,25.840800,43,7098.0
1B-depart,45.861900,25.841500,44,7153.4
1B-depart,45.859200,25.840800,45,7458.8
1B-depart,45.859400,25.838900,46,7607.8
1B-return,45.859400,25.838900,0,0.0
1B-return,45.859300,25.839500,1,47.8
1B-return,45.861900,25.840100,2,341.0
1B-return,45.861800,25.840700,3,388.8
1B-return,45.862000,25.840800,4,412.4
1B-return,45.861900,25.841500,5,467.8
1B-return,45.862100,25.841500,6,490.0
1B-return,45.863300,25.833200,7,1147.2
1B-return,45.863600,25.832600,8,1204.4
1B-return,45.863500,25.832000,9,1252.3
1B-return,45.863500,25.831300,10,1306.5
1B-return,45.865600,25.816800,11,2454.6
1B-return,45.866100,25.810200,12,2969.2
1B-return,45.864100,25.810100,13,3192.0
1B-return,45.863200,25.809800,14,3294.9
1B-return,45.863100,25.809900,15,3308.4
1B-return,45.863200,25.810000,16,3322.0
1B-return,45.863300,25.809900,17,3335.6
1B-return,45.863200,25.809800,18,3349.1
1B-return,45.863400,25.807100,19,3559.6
1B-return,45.863400,25.806500,20,3606.1
1B-return,45.863400,25.805900,21,3652.6
1B-return,45.863500,25.802200,22,3939.7
1B-return,45.864300,25.797000,23,4352.5
1B-return,45.863700,25.794400,24,4564.8
1B-return,45.863700,25.793800,25,4611.3
1B-return,45.864700,25.790300,26,4904.6
1B-return,45.864600,25.790300,27,4915.7
1B-return,45.864500,25.790100,28,4934.8
1B-return,45.864600,25.789400,29,4990.2
1B-return,45.865000,25.787000,30,5181.5
1B-return,45.864900,25.786900,31,5195.1
1B-return,45.863200,25.786400,32,5388.2
1B-return,45.863600,25.783800,33,5594.7
1B-return,45.863300,25.783700,34,5628.9
1B-return,45.862900,25.784100,35,5683.2
1B-return,45.862700,25.784000,36,5706.8
1B-return,45.861600,25.782000,37,5904.3
1B-return,45.860900,25.781400,38,5995.1
1B-return,45.858900,25.778600,39,6306.0
1B-return,45.858700,25.778100,40,6350.7
1B-return,45.858700,25.777700,41,6381.8
1B-return,45.859600,25.775200,42,6599.9
1B-return,45.864200,25.778400,43,7168.9
1B-return,45.867100,25.779000,44,7495.1
1D-depart,45.867696,25.779136,0,0.0
1D-depart,45.867625,25.779122,1,8.0
1D-depart,45.867154,25.779017,2,61.0
1D-depart,45.866724,25.778919,3,109.5
1D-depart,45.865814,25.778708,4,212.1
1D-depart,45.865709,25.778683,5,224.0
1D-depart,45.865601,25.778658,6,236.1
1D-depart,45.865003,25.778546,7,303.3
1D-depart,45.864565,25.778464,8,352.4
1D-depart,45.864395,25.778430,9,371.6
1D-depart,45.864326,25.778407,10,379.4
1D-depart,45.864261,25.778384,11,386.9
1D-depart,45.864195,25.778353,12,394.6
1D-depart,45.864120,25.778310,13,403.6
1D-depart,45.863861,25.778148,14,435.1
1D-depart,45.863853,25.778143,15,436.0
1D-depart,45.863410,25.777842,16,490.6
1D-depart,45.863351,25.777800,17,497.9
1D-depart,45.863272,25.777742,18,507.8
1D-depart,45.863241,25.777720,19,511.6
1D-depart,45.862660,25.777319,20,583.4
1D-depart,45.862340,25.777092,21,623.1
1D-depart,45.862009,25.776874,22,663.7
1D-depart,45.861714,25.776679,23,699.8
1D-depart,45.861038,25.776214,24,783.3
1D-depart,45.860183,25.775636,25,888.5
1D-depart,45.859897,25.775443,26,923.6
1D-depart,45.859592,25.775208,27,962.2
1D-depart,45.859498,25.775437,28,982.8
1D-depart,45.859450,25.775557,29,993.5
1D-depart,45.859321,25.775909,30,1024.3
1D-depart,45.859312,25.775934,31,1026.5
1D-depart,45.859286,25.776005,32,1032.7
1D-depart,45.858976,25.776850,33,1106.8
1D-depart,45.858875,25.777124,34,1130.8
1D-depart,45.858829,25.777246,35,1141.6
1D-depart,45.858792,25.777354,36,1150.9
1D-depart,45.858753,25.777482,37,1161.7
1D-depart,45.858721,25.777595,38,1171.2
1D-depart,45.858697,25.777690,39,1179.0
1D-depart,45.858685,25.777786,40,1186.6
1D-depart,45.858678,25.777884,41,1194.2
1D-depart,45.858674,25.777989,42,1202.4
1D-depart,45.858685,25.778092,43,1210.5
1D-depart,45.858724,25.778244,44,1223.0
1D-depart,45.858766,25.778358,45,1233.0
1D-depart,45.858829,25.778479,46,1244.7
1D-depart,45.858931,25.778645,47,1261.9
1D-depart,45.859051,25.778803,48,1280.0
1D-depart,45.859646,25.779634,49,1372.4
1D-depart,45.859933,25.780047,50,1417.7
1D-depart,45.860294,25.780613,51,1477.2
1D-depart,45.860342,25.780685,52,1484.9
1D-depart,45.860516,25.780929,53,1512.0
1D-depart,45.860757,25.781280,54,1550.2
1D-depart,45.860859,25.781421,55,1565.9
1D-depart,45.860940,25.781512,56,1577.4
1D-depart,45.860986,25.781552,57,1583.4
1D-depart,45.861006,25.781567,58,1585.9
1D-depart,45.861133,25.781652,59,1601.5
1D-depart,45.861463,25.781880,60,1642.2
1D-depart,45.861516,25.781922,61,1649.0
1D-depart,45.861563,25.781972,62,1655.5
1D-depart,45.861608,25.782029,63,1662.2
1D-depart,45.861664,25.782116,64,1671.4
1D-depart,45.861837,25.782387,65,1699.9
1D-depart,45.861879,25.782456,66,1707.0
1D-depart,45.861940,25.782576,67,1718.5
1D-depart,45.862039,25.782788,68,1738.3
1D-depart,45.862184,25.783087,69,1766.5
1D-depart,45.862329,25.783396,70,1795.4
1D-depart,45.862444,25.783644,71,1818.5
1D-depart,45.862556,25.783857,72,1839.2
1D-depart,45.862660,25.784092,73,1860.8
1D-depart,45.862701,25.784158,74,1867.6
1D-depart,45.862732,25.784204,75,1872.6
1D-depart,45.862781,25.784266,76,1879.9
1D-depart,45.862796,25.784296,77,1882.7
1D-depart,45.862816,25.784319,78,1885.6
1D-depart,45.862840,25.784332,79,1888.4
1D-depart,45.862866,25.784334,80,1891.3
1D-depart,45.862891,25.784325,81,1894.2
1D-depart,45.862915,25.784303,82,1897.4
1D-depart,45.862933,25.784271,83,1900.6
1D-depart,45.862942,25.784233,84,1903.7
1D-depart,45.862943,25.784193,85,1906.8
1D-depart,45.862965,25.784108,86,1913.8
1D-depart,45.862979,25.784070,87,1917.1
1D-depart,45.863006,25.784011,88,1922.6
1D-depart,45.863088,25.783856,89,1937.7
1D-depart,45.863137,25.783789,90,1945.2
1D-depart,45.863182,25.783736,91,1951.7
1D-depart,45.863237,25.783693,92,1958.7
1D-depart,45.863290,25.783670,93,1964.8
1D-depart,45.863344,25.783663,94,1970.9
1D-depart,45.863375,25.783663,95,1974.3
1D-depart,45.863415,25.783668,96,1978.8
1D-depart,45.863452,25.783678,97,1983.0
1D-depart,45.863483,25.783692,98,1986.6
1D-depart,45.863516,25.783716,99,1990.7
1D-depart,45.863540,25.783746,100,1994.3
1D-depart,45.863552,25.783765,101,1996.2
1D-depart,45.863564,25.783804,102,1999.6
1D-depart,45.863572,25.783860,103,2004.0
1D-depart,45.863436,25.784676,104,2069.0
1D-depart,45.863391,25.785000,105,2094.6
1D-depart,45.863364,25.785192,106,2109.8
1D-depart,45.863223,25.786200,107,2189.5
1D-depart,45.863213,25.786275,108,2195.4
1D-depart,45.863195,25.786398,109,2205.2
1D-depart,45.863262,25.786416,110,2212.8
1D-depart,45.863353,25.786441,111,2223.1
1D-depart,45.863612,25.786513,112,2252.5
1D-depart,45.864286,25.786702,113,2328.9
1D-depart,45.864294,25.786704,114,2329.8
1D-depart,45.864625,25.786799,115,2367.4
1D-depart,45.864873,25.786878,116,2395.7
1D-depart,45.864919,25.786893,117,2400.9
1D-depart,45.864955,25.786926,118,2405.7
1D-depart,45.864987,25.786965,119,2410.3
1D-depart,45.865004,25.787012,120,2414.4
1D-depart,45.865007,25.787067,121,2418.7
1D-depart,45.865003,25.787131,122,2423.7
1D-depart,45.864864,25.787782,123,2476.5
1D-depart,45.864778,25.788118,124,2504.2
1D-depart,45.864767,25.788168,125,2508.3
1D-depart,45.864758,25.788206,126,2511.4
1D-depart,45.864725,25.788343,127,2522.6
1D-depart,45.864691,25.788490,128,2534.7
1D-depart,45.864651,25.788693,129,2551.0
1D-depart,45.864606,25.788950,130,2571.6
1D-depart,45.864594,25.789037,131,2578.4
1D-depart,45.864563,25.789288,132,2598.2
1D-depart,45.864550,25.789420,133,2608.5
1D-depart,45.864520,25.789955,134,2650.1
1D-depart,45.864519,25.789987,135,2652.6
1D-depart,45.864516,25.790122,136,2663.1
1D-depart,45.864472,25.790901,137,2723.7
1D-depart,45.864460,25.791105,138,2739.5
1D-depart,45.864377,25.791399,139,2764.1
1D-depart,45.864298,25.791686,140,2788.1
1D-depart,45.864160,25.792180,141,2829.3
1D-depart,45.864130,25.792271,142,2837.1
1D-depart,45.864114,25.792316,143,2841.0
1D-depart,45.864053,25.792543,144,2859.9
1D-depart,45.863867,25.793143,145,2910.8
1D-depart,45.863769,25.793458,146,2937.6
1D-depart,45.863729,25.793592,147,2948.9
1D-depart,45.863701,25.793725,148,2959.6
1D-depart,45.863684,25.793845,149,2969.1
1D-depart,45.863675,25.793968,150,2978.7
1D-depart,45.863671,25.794097,151,2988.7
1D-depart,45.863678,25.794223,152,2998.5
1D-depart,45.863695,25.794358,153,3009.2
1D-depart,45.863933,25.795408,154,3094.7
1D-depart,45.863999,25.795683,155,3117.3
1D-depart,45.864067,25.795951,156,3139.4
1D-depart,45.864101,25.796116,157,3152.7
1D-depart,45.864135,25.796260,158,3164.5
1D-depart,45.864199,25.796532,159,3186.8
1D-depart,45.864206,25.796560,160,3189.1
1D-depart,45.864222,25.796637,161,3195.3
1D-depart,45.864257,25.796791,162,3207.9
1D-depart,45.864273,25.796884,163,3215.3
1D-depart,45.864282,25.796959,164,3221.2
1D-depart,45.864283,25.797028,165,3226.6
1D-depart,45.864280,25.797110,166,3232.9
1D-depart,45.864274,25.797205,167,3240.3
1D-depart,45.864105,25.798287,168,3326.3
1D-depart,45.864056,25.798585,169,3350.0
1D-depart,45.863963,25.799153,170,3395.2
1D-depart,45.863940,25.799335,171,3409.6
1D-depart,45.863624,25.801339,172,3568.9
1D-depart,45.863616,25.801396,173,3573.4
1D-depart,45.863583,25.801620,174,3591.1
1D-depart,45.863560,25.801807,175,3605.8
1D-depart,45.863538,25.801997,176,3620.8
1D-depart,45.863518,25.802208,177,3637.3
1D-depart,45.863501,25.802438,178,3655.2
1D-depart,45.863473,25.802896,179,3690.9
1D-depart,45.863452,25.803504,180,3738.0
1D-depart,45.863431,25.804166,181,3789.4
1D-depart,45.863426,25.804354,182,3804.0
1D-depart,45.863408,25.805245,183,3873.1
1D-depart,45.863400,25.805652,184,3904.7
1D-depart,45.863392,25.805922,185,3925.6
1D-depart,45.863309,25.806254,186,3953.0
1D-depart,45.863286,25.806337,187,3959.9
1D-depart,45.863265,25.806414,188,3966.3
1D-depart,45.863245,25.806441,189,3969.3
1D-depart,45.863230,25.806473,190,3972.3
1D-depart,45.863220,25.806521,191,3976.2
1D-depart,45.863219,25.806571,192,3980.1
1D-depart,45.863230,25.806618,193,3983.9
1D-depart,45.863250,25.806660,194,3987.9
1D-depart,45.863277,25.806690,195,3991.7
1D-depart,45.863297,25.806702,196,3994.1
1D-depart,45.863313,25.806829,197,4004.1
1D-depart,45.863352,25.807110,198,4026.3
1D-depart,45.863350,25.807233,199,4035.9
1D-depart,45.863348,25.807276,200,4039.2
1D-depart,45.863320,25.807947,201,4091.3
1D-depart,45.863309,25.808315,202,4119.9
1D-depart,45.863298,25.808564,203,4139.2
1D-depart,45.863276,25.809096,204,4180.5
1D-depart,45.863267,25.809291,205,4195.7
1D-depart,45.863245,25.809687,206,4226.5
1D-depart,45.863238,25.809795,207,4234.9
1D-depart,45.863212,25.809789,208,4237.8
1D-depart,45.863186,25.809795,209,4240.7
1D-depart,45.863163,25.809811,210,4243.6
1D-depart,45.863144,25.809837,211,4246.5
1D-depart,45.863131,25.809870,212,4249.4
1D-depart,45.863125,25.809912,213,4252.8
1D-depart,45.863130,25.809954,214,4256.1
1D-depart,45.863144,25.809991,215,4259.3
1D-depart,45.863158,25.810009,216,4261.4
1D-depart,45.863166,25.810020,217,4262.7
1D-depart,45.863193,25.810036,218,4265.9
1D-depart,45.863222,25.810038,219,4269.1
1D-depart,45.863251,25.810026,220,4272.5
1D-depart,45.863271,25.810007,221,4275.2
1D-depart,45.863286,25.809980,222,4277.8
1D-depart,45.863296,25.809948,223,4280.6
1D-depart,45.863299,25.809913,224,4283.3
1D-depart,45.863296,25.809878,225,4286.0
1D-depart,45.863287,25.809850,226,4288.4
1D-depart,45.863274,25.809826,227,4290.8
1D-depart,45.863258,25.809807,228,4293.1
1D-depart,45.863238,25.809795,229,4295.5
1D-depart,45.863245,25.809687,230,4303.9
1D-depart,45.863267,25.809291,231,4334.7
1D-depart,45.863276,25.809096,232,4349.9
1D-depart,45.862942,25.809055,233,4387.2
1D-depart,45.862969,25.808335,234,4443.1
1D-depart,45.862957,25.808296,235,4446.4
1D-depart,45.862928,25.808268,236,4450.3
1D-depart,45.862581,25.808194,237,4489.3
1D-depart,45.862156,25.808108,238,4537.1
1D-depart,45.861904,25.808022,239,4565.9
1D-depart,45.861658,25.807984,240,4593.5
1D-depart,45.861641,25.807986,241,4595.4
1D-depart,45.861633,25.808011,242,4597.5
1D-depart,45.861631,25.808224,243,4614.0
1D-depart,45.861624,25.808248,244,4616.0
1D-depart,45.861608,25.808257,245,4617.9
1D-depart,45.861383,25.808242,246,4643.0
1D-depart,45.861356,25.808150,247,4650.8
1D-depart,45.861377,25.807574,248,4695.5
1D-depart,45.860910,25.807555,249,4747.5
1D-depart,45.860123,25.807515,250,4835.1
1D-depart,45.859582,25.807454,251,4895.6
1D-depart,45.858640,25.807322,252,5000.9
1D-depart,45.858596,25.807319,253,5005.8
1D-depart,45.858098,25.807253,254,5061.5
1D-depart,45.857634,25.807194,255,5113.3
1D-depart,45.857527,25.807179,256,5125.3
1D-depart,45.856662,25.807046,257,5222.2
1D-depart,45.856573,25.807032,258,5232.1
1D-depart,45.856550,25.806752,259,5254.0
1D-depart,45.856698,25.806665,260,5271.8
1D-depart,45.856764,25.806555,261,5283.0
1D-depart,45.856698,25.806665,262,5294.3
1D-depart,45.856550,25.806752,263,5312.1
1D-depart,45.856573,25.807032,264,5334.0
1D-depart,45.856494,25.807022,265,5342.8
1D-depart,45.856284,25.806973,266,5366.5
1D-depart,45.856238,25.807571,267,5413.1
1D-depart,45.856167,25.808293,268,5469.6
1D-depart,45.856119,25.808773,269,5507.2
1D-depart,45.856110,25.808864,270,5514.4
1D-depart,45.856041,25.809538,271,5567.2
1D-depart,45.856000,25.810353,272,5630.5
1D-depart,45.855887,25.812550,273,5801.3
1D-depart,45.855856,25.813000,274,5836.4
1D-depart,45.855834,25.813603,275,5883.2
1D-depart,45.855788,25.814523,276,5954.7
1D-depart,45.855778,25.814709,277,5969.2
1D-depart,45.855764,25.814959,278,5988.6
1D-depart,45.855756,25.815249,279,6011.1
1D-depart,45.855698,25.816550,280,6112.2
1D-depart,45.855707,25.816783,281,6130.3
1D-depart,45.855709,25.816815,282,6132.8
1D-depart,45.855721,25.816995,283,6146.8
1D-depart,45.855781,25.817255,284,6168.0
1D-depart,45.855849,25.817430,285,6183.6
1D-depart,45.855947,25.817589,286,6200.0
1D-depart,45.856022,25.817654,287,6209.8
1D-depart,45.856111,25.817730,288,6221.3
1D-depart,45.856230,25.817791,289,6235.4
1D-depart,45.856361,25.817835,290,6250.4
1D-depart,45.856794,25.817929,291,6299.1
1D-depart,45.857570,25.818058,292,6386.1
1D-depart,45.858114,25.818157,293,6447.1
1D-depart,45.858506,25.818216,294,6491.0
1D-depart,45.858581,25.818227,295,6499.4
1D-depart,45.859106,25.818311,296,6558.2
1D-depart,45.860105,25.818461,297,6670.0
1D-depart,45.861093,25.818597,298,6780.5
1D-depart,45.861269,25.817313,299,6881.9
1D-depart,45.861398,25.817328,300,6896.4
1D-depart,45.861269,25.817313,301,6910.8
1D-depart,45.861093,25.818597,302,7012.2
1D-depart,45.862033,25.818754,303,7117.6
1D-depart,45.863022,25.818906,304,7228.3
1D-depart,45.865071,25.819200,305,7457.5
1D-depart,45.865260,25.819227,306,7478.7
1D-depart,45.865223,25.819491,307,7499.5
1D-depart,45.865173,25.819836,308,7526.8
1D-depart,45.864500,25.824534,309,7898.6
1D-depart,45.863825,25.829162,310,8265.2
1D-depart,45.863664,25.830316,311,8356.4
1D-depart,45.863517,25.831269,312,8432.1
1D-depart,45.863389,25.831891,313,8482.4
1D-depart,45.863351,25.832017,314,8493.0
1D-depart,45.863284,25.832147,315,8505.6
1D-depart,45.863217,25.832186,316,8513.6
1D-depart,45.863160,25.832251,317,8521.7
1D-depart,45.863118,25.832335,318,8529.7
1D-depart,45.863094,25.832430,319,8537.6
1D-depart,45.863089,25.832530,320,8545.3
1D-depart,45.863102,25.832629,321,8553.1
1D-depart,45.863131,25.832713,322,8560.4
1D-depart,45.863173,25.832785,323,8567.7
1D-depart,45.863215,25.832973,324,8583.0
1D-depart,45.863223,25.833149,325,8596.7
1D-depart,45.863209,25.833287,326,8607.5
1D-depart,45.863148,25.833993,327,8662.6
1D-depart,45.862716,25.837017,328,8901.9
1D-depart,45.862623,25.837623,329,8950.0
1D-depart,45.862568,25.837823,330,8966.7
1D-depart,45.862549,25.837891,331,8972.4
1D-depart,45.862530,25.837899,332,8974.6
1D-depart,45.862513,25.837913,333,8976.8
1D-depart,45.862499,25.837933,334,8979.0
1D-depart,45.862489,25.837957,335,8981.1
1D-depart,45.862484,25.837984,336,8983.3
1D-depart,45.862484,25.838012,337,8985.5
1D-depart,45.862488,25.838040,338,8987.7
1D-depart,45.862497,25.838064,339,8989.8
1D-depart,45.862511,25.838085,340,8992.1
1D-depart,45.862507,25.838370,341,9014.2
1D-depart,45.862305,25.839900,342,9134.9
1D-depart,45.862239,25.840420,343,9175.8
1D-depart,45.862083,25.841464,344,9258.6
1D-depart,45.861889,25.841419,345,9280.5
1D-depart,45.861953,25.841017,346,9312.5
1D-depart,45.861889,25.841419,347,9344.4
1D-depart,45.860831,25.841173,348,9463.7
1D-depart,45.859969,25.840973,349,9560.9
1D-depart,45.859557,25.840877,350,9607.4
1D-depart,45.859195,25.840793,351,9648.2
1D-depart,45.859346,25.839492,352,9750.5
1D-depart,45.859420,25.838933,353,9794.6
1D-return,45.859420,25.838933,0,0.0
1D-return,45.859346,25.839492,1,44.1
1D-return,45.859658,25.839565,2,79.3
1D-return,45.860148,25.839681,3,134.6
1D-return,45.861767,25.840077,4,317.4
1D-return,45.861921,25.840113,5,334.8
1D-return,45.862066,25.840148,6,351.1
1D-return,45.862132,25.840183,7,359.0
1D-return,45.862161,25.840211,8,362.9
1D-return,45.862181,25.840243,9,366.2
1D-return,45.862208,25.840313,10,372.4
1D-return,45.862239,25.840420,11,381.4
1D-return,45.862083,25.841464,12,464.2
1D-return,45.861889,25.841419,13,486.0
1D-return,45.861953,25.841017,14,518.0
1D-return,45.861889,25.841419,15,550.0
1D-return,45.862083,25.841464,16,571.9
1D-return,45.862239,25.840420,17,654.6
1D-return,45.862305,25.839900,18,695.6
1D-return,45.862507,25.838370,19,816.3
1D-return,45.862558,25.838173,20,832.6
1D-return,45.862575,25.838108,21,838.0
1D-return,45.862596,25.838098,22,840.5
1D-return,45.862614,25.838079,23,842.9
1D-return,45.862627,25.838053,24,845.4
1D-return,45.862635,25.838023,25,847.9
1D-return,45.862636,25.837991,26,850.4
1D-return,45.862631,25.837960,27,852.9
1D-return,45.862620,25.837932,28,855.4
1D-return,45.862604,25.837910,29,857.8
1D-return,45.862623,25.837623,30,880.2
1D-return,45.862716,25.837017,31,928.3
1D-return,45.863148,25.833993,32,1167.6
1D-return,45.863288,25.833156,33,1234.3
1D-return,45.863325,25.833015,34,1246.0
1D-return,45.863391,25.832876,35,1259.0
1D-return,45.863466,25.832841,36,1267.8
1D-return,45.863529,25.832776,37,1276.5
1D-return,45.863577,25.832686,38,1285.2
1D-return,45.863602,25.832585,39,1293.5
1D-return,45.863607,25.832478,40,1301.9
1D-return,45.863590,25.832373,41,1310.2
1D-return,45.863558,25.832290,42,1317.6
1D-return,45.863513,25.832220,43,1325.0
1D-return,45.863471,25.832033,44,1340.2
1D-return,45.863466,25.831907,45,1350.0
1D-return,45.863517,25.831269,46,1399.8
1D-return,45.863664,25.830316,47,1475.4
1D-return,45.863825,25.829162,48,1566.7
1D-return,45.864500,25.824534,49,1933.2
1D-return,45.865173,25.819836,50,2305.0
1D-return,45.865223,25.819491,51,2332.3
1D-return,45.865260,25.819227,52,2353.2
1D-return,45.865071,25.819200,53,2374.3
1D-return,45.863022,25.818906,54,2603.6
1D-return,45.862033,25.818754,55,2714.3
1D-return,45.861093,25.818597,56,2819.6
1D-return,45.861269,25.817313,57,2921.1
1D-return,45.861398,25.817328,58,2935.5
1D-return,45.861269,25.817313,59,2949.9
1D-return,45.861093,25.818597,60,3051.4
1D-return,45.860105,25.818461,61,3161.8
1D-return,45.859106,25.818311,62,3273.7
1D-return,45.858581,25.818227,63,3332.5
1D-return,45.858114,25.818157,64,3384.7
1D-return,45.857890,25.818116,65,3409.9
1D-return,45.857570,25.818058,66,3445.8
1D-return,45.856794,25.817929,67,3532.7
1D-return,45.856361,25.817835,68,3581.5
1D-return,45.856230,25.817791,69,3596.5
1D-return,45.856111,25.817730,70,3610.5
1D-return,45.856022,25.817654,71,3622.1
1D-return,45.855947,25.817589,72,3631.8
1D-return,45.855849,25.817430,73,3648.3
1D-return,45.855781,25.817255,74,3663.8
1D-return,45.855721,25.816995,75,3685.0
1D-return,45.855709,25.816815,76,3699.1
1D-return,45.855707,25.816783,77,3701.6
1D-return,45.855698,25.816550,78,3719.6
1D-return,45.855756,25.815249,79,3820.7
1D-return,45.855764,25.814959,80,3843.2
1D-return,45.855896,25.814966,81,3857.9
1D-return,45.855764,25.814959,82,3872.6
1D-return,45.855788,25.814523,83,3906.5
1D-return,45.855834,25.813603,84,3978.0
1D-return,45.855856,25.813000,85,4024.9
1D-return,45.855887,25.812550,86,4059.9
1D-return,45.856000,25.810353,87,4230.7
1D-return,45.856041,25.809538,88,4294.1
1D-return,45.856110,25.808864,89,4346.9
1D-return,45.856119,25.808773,90,4354.0
1D-return,45.856167,25.808293,91,4391.6
1D-return,45.856238,25.807571,92,4448.1
1D-return,45.856279,25.807448,93,4458.7
1D-return,45.856343,25.807281,94,4473.5
1D-return,45.856403,25.807158,95,4485.1
1D-return,45.856494,25.807022,96,4499.8
1D-return,45.856573,25.807032,97,4508.6
1D-return,45.856662,25.807046,98,4518.6
1D-return,45.857106,25.807114,99,4568.3
1D-return,45.857527,25.807179,100,4615.4
1D-return,45.857634,25.807194,101,4627.4
1D-return,45.858098,25.807253,102,4679.2
1D-return,45.858596,25.807319,103,4734.9
1D-return,45.858640,25.807322,104,4739.8
1D-return,45.859582,25.807454,105,4845.2
1D-return,45.860123,25.807515,106,4905.6
1D-return,45.860910,25.807555,107,4993.2
1D-return,45.861377,25.807574,108,5045.2
1D-return,45.861576,25.807569,109,5067.4
1D-return,45.861760,25.807555,110,5087.9
1D-return,45.862040,25.807661,111,5120.1
1D-return,45.863197,25.807917,112,5250.5
1D-return,45.863320,25.807947,113,5264.3
1D-return,45.863309,25.808315,114,5292.9
1D-return,45.863298,25.808564,115,5312.2
1D-return,45.863276,25.809096,116,5353.6
1D-return,45.863267,25.809291,117,5368.7
1D-return,45.863245,25.809687,118,5399.5
1D-return,45.863238,25.809795,119,5407.9
1D-return,45.863212,25.809789,120,5410.8
1D-return,45.863186,25.809795,121,5413.8
1D-return,45.863163,25.809811,122,5416.6
1D-return,45.863144,25.809837,123,5419.5
1D-return,45.863131,25.809870,124,5422.5
1D-return,45.863125,25.809912,125,5425.8
1D-return,45.863130,25.809954,126,5429.1
1D-return,45.863144,25.809991,127,5432.4
1D-return,45.863158,25.810009,128,5434.5
1D-return,45.863166,25.810020,129,5435.7
1D-return,45.863193,25.810036,130,5438.9
1D-return,45.863222,25.810038,131,5442.2
1D-return,45.863251,25.810026,132,5445.5
1D-return,45.863271,25.810007,133,5448.2
1D-return,45.863286,25.809980,134,5450.9
1D-return,45.863296,25.809948,135,5453.6
1D-return,45.863299,25.809913,136,5456.3
1D-return,45.863296,25.809878,137,5459.1
1D-return,45.863287,25.809850,138,5461.5
1D-return,45.863274,25.809826,139,5463.8
1D-return,45.863258,25.809807,140,5466.1
1D-return,45.863238,25.809795,141,5468.5
1D-return,45.863245,25.809687,142,5476.9
1D-return,45.863267,25.809291,143,5507.7
1D-return,45.863276,25.809096,144,5522.9
1D-return,45.863298,25.808564,145,5564.2
1D-return,45.863309,25.808315,146,5583.5
1D-return,45.863320,25.807947,147,5612.1
1D-return,45.863348,25.807276,148,5664.2
1D-return,45.863350,25.807233,149,5667.6
1D-return,45.863352,25.807110,150,5677.1
1D-return,45.863391,25.806833,151,5699.0
1D-return,45.863402,25.806745,152,5705.9
1D-return,45.863412,25.806664,153,5712.3
1D-return,45.863432,25.806626,154,5716.0
1D-return,45.863443,25.806586,155,5719.3
1D-return,45.863447,25.806543,156,5722.7
1D-return,45.863442,25.806500,157,5726.1
1D-return,45.863430,25.806460,158,5729.5
1D-return,45.863409,25.806425,159,5733.0
1D-return,45.863392,25.805922,160,5772.1
1D-return,45.863400,25.805652,161,5793.0
1D-return,45.863408,25.805245,162,5824.6
1D-return,45.863426,25.804354,163,5893.7
1D-return,45.863431,25.804166,164,5908.3
1D-return,45.863452,25.803504,165,5959.6
1D-return,45.863473,25.802896,166,6006.8
1D-return,45.863501,25.802438,167,6042.5
1D-return,45.863518,25.802208,168,6060.4
1D-return,45.863538,25.801997,169,6076.9
1D-return,45.863560,25.801807,170,6091.8
1D-return,45.863583,25.801620,171,6106.6
1D-return,45.863616,25.801396,172,6124.3
1D-return,45.863624,25.801339,173,6128.8
1D-return,45.863940,25.799335,174,6288.1
1D-return,45.863963,25.799153,175,6302.4
1D-return,45.864056,25.798585,176,6347.7
1D-return,45.864105,25.798287,177,6371.4
1D-return,45.864274,25.797205,178,6457.4
1D-return,45.864280,25.797110,179,6464.8
1D-return,45.864283,25.797028,180,6471.1
1D-return,45.864282,25.796959,181,6476.5
1D-return,45.864273,25.796884,182,6482.4
1D-return,45.864257,25.796791,183,6489.8
1D-return,45.864222,25.796637,184,6502.4
1D-return,45.864206,25.796560,185,6508.6
1D-return,45.864199,25.796532,186,6510.9
1D-return,45.864135,25.796260,187,6533.1
1D-return,45.864101,25.796116,188,6544.9
1D-return,45.864067,25.795951,189,6558.3
1D-return,45.863999,25.795683,190,6580.4
1D-return,45.863933,25.795408,191,6602.9
1D-return,45.863695,25.794358,192,6688.5
1D-return,45.863678,25.794223,193,6699.2
1D-return,45.863671,25.794097,194,6709.0
1D-return,45.863675,25.793968,195,6719.0
1D-return,45.863684,25.793845,196,6728.6
1D-return,45.863701,25.793725,197,6738.1
1D-return,45.863729,25.793592,198,6748.8
1D-return,45.863769,25.793458,199,6760.1
1D-return,45.864053,25.792543,200,6837.8
1D-return,45.864114,25.792316,201,6856.6
1D-return,45.864130,25.792271,202,6860.6
1D-return,45.864160,25.792180,203,6868.4
1D-return,45.864247,25.791869,204,6894.3
1D-return,45.864298,25.791686,205,6909.6
1D-return,45.864377,25.791399,206,6933.6
1D-return,45.864460,25.791105,207,6958.1
1D-return,45.864539,25.790875,208,6978.0
1D-return,45.864608,25.790684,209,6994.7
1D-return,45.864729,25.790345,210,7024.2
1D-return,45.864674,25.790351,211,7030.4
1D-return,45.864634,25.790333,212,7035.0
1D-return,45.864600,25.790310,213,7039.2
1D-return,45.864569,25.790267,214,7044.0
1D-return,45.864545,25.790208,215,7049.3
1D-return,45.864516,25.790122,216,7056.7
1D-return,45.864519,25.789987,217,7067.2
1D-return,45.864520,25.789955,218,7069.7
1D-return,45.864550,25.789420,219,7111.3
1D-return,45.864563,25.789288,220,7121.6
1D-return,45.864594,25.789037,221,7141.4
1D-return,45.864606,25.788950,222,7148.3
1D-return,45.864651,25.788693,223,7168.8
1D-return,45.864691,25.788490,224,7185.2
1D-return,45.864725,25.788343,225,7197.2
1D-return,45.864758,25.788206,226,7208.4
1D-return,45.864767,25.788168,227,7211.5
1D-return,45.864778,25.788118,228,7215.6
1D-return,45.864864,25.787782,229,7243.3
1D-return,45.865003,25.787131,230,7296.1
1D-return,45.865007,25.787067,231,7301.1
1D-return,45.865004,25.787012,232,7305.4
1D-return,45.864987,25.786965,233,7309.5
1D-return,45.864955,25.786926,234,7314.1
1D-return,45.864919,25.786893,235,7318.9
1D-return,45.864873,25.786878,236,7324.1
1D-return,45.864625,25.786799,237,7352.4
1D-return,45.864294,25.786704,238,7390.0
1D-return,45.864286,25.786702,239,7390.9
1D-return,45.863353,25.786441,240,7496.7
1D-return,45.863262,25.786416,241,7507.0
1D-return,45.863195,25.786398,242,7514.6
1D-return,45.863213,25.786275,243,7524.4
1D-return,45.863223,25.786200,244,7530.3
1D-return,45.863364,25.785192,245,7610.0
1D-return,45.863391,25.785000,246,7625.2
1D-return,45.863436,25.784676,247,7650.8
1D-return,45.863572,25.783860,248,7715.8
1D-return,45.863564,25.783804,249,7720.3
1D-return,45.863552,25.783765,250,7723.6
1D-return,45.863540,25.783746,251,7725.5
1D-return,45.863516,25.783716,252,7729.1
1D-return,45.863483,25.783692,253,7733.2
1D-return,45.863452,25.783678,254,7736.8
1D-return,45.863415,25.783668,255,7741.0
1D-return,45.863375,25.783663,256,7745.5
1D-return,45.863344,25.783663,257,7748.9
1D-return,45.863290,25.783670,258,7755.0
1D-return,45.863237,25.783693,259,7761.1
1D-return,45.863182,25.783736,260,7768.1
1D-return,45.863137,25.783789,261,7774.6
1D-return,45.863088,25.783856,262,7782.1
1D-return,45.863042,25.783913,263,7788.9
1D-return,45.862961,25.784009,264,7800.6
1D-return,45.862925,25.784056,265,7806.0
1D-return,45.862892,25.784099,266,7811.0
1D-return,45.862867,25.784089,267,7813.8
1D-return,45.862841,25.784091,268,7816.7
1D-return,45.862783,25.784083,269,7823.2
1D-return,45.862749,25.784072,270,7827.1
1D-return,45.862718,25.784056,271,7830.8
1D-return,45.862691,25.784031,272,7834.3
1D-return,45.862556,25.783857,273,7854.5
1D-return,45.862444,25.783644,274,7875.2
1D-return,45.862329,25.783396,275,7898.3
1D-return,45.862184,25.783087,276,7927.2
1D-return,45.862039,25.782788,277,7955.5
1D-return,45.861940,25.782576,278,7975.2
1D-return,45.861879,25.782456,279,7986.8
1D-return,45.861837,25.782387,280,7993.9
1D-return,45.861608,25.782029,281,8031.6
1D-return,45.861608,25.782029,282,8031.6
1D-return,45.861563,25.781972,283,8038.2
1D-return,45.861516,25.781922,284,8044.7
1D-return,45.861463,25.781880,285,8051.5
1D-return,45.861133,25.781652,286,8092.3
1D-return,45.861006,25.781567,287,8107.8
1D-return,45.860986,25.781552,288,8110.4
1D-return,45.860940,25.781512,289,8116.3
1D-return,45.860859,25.781421,290,8127.8
1D-return,45.860757,25.781280,291,8143.6
1D-return,45.860516,25.780929,292,8181.8
1D-return,45.860342,25.780685,293,8208.8
1D-return,45.860294,25.780613,294,8216.6
1D-return,45.859933,25.780047,295,8276.1
1D-return,45.859646,25.779634,296,8321.3
1D-return,45.859051,25.778803,297,8413.7
1D-return,45.858931,25.778645,298,8431.8
1D-return,45.858829,25.778479,299,8449.0
1D-return,45.858766,25.778358,300,8460.7
1D-return,45.858724,25.778244,301,8470.7
1D-return,45.858685,25.778092,302,8483.3
1D-return,45.858674,25.777989,303,8491.3
1D-return,45.858678,25.777884,304,8499.5
1D-return,45.858685,25.777786,305,8507.1
1D-return,45.858697,25.777690,306,8514.7
1D-return,45.858721,25.777595,307,8522.5
1D-return,45.858753,25.777482,308,8532.0
1D-return,45.858792,25.777354,309,8542.8
1D-return,45.858829,25.777246,310,8552.1
1D-return,45.858875,25.777124,311,8562.9
1D-return,45.858976,25.776850,312,8586.9
1D-return,45.859286,25.776005,313,8661.0
1D-return,45.859312,25.775934,314,8667.2
1D-return,45.859321,25.775909,315,8669.4
1D-return,45.859450,25.775557,316,8700.2
1D-return,45.859498,25.775437,317,8710.9
1D-return,45.859592,25.775208,318,8731.5
1D-return,45.859897,25.775443,319,8770.1
1D-return,45.860183,25.775636,320,8805.3
1D-return,45.861038,25.776214,321,8910.5
1D-return,45.861714,25.776679,322,8993.9
1D-return,45.862009,25.776874,323,9030.0
1D-return,45.862340,25.777092,324,9070.6
1D-return,45.862660,25.777319,325,9110.3
1D-return,45.863067,25.777600,326,9160.6
1D-return,45.863241,25.777720,327,9182.1
1D-return,45.863272,25.777742,328,9185.9
1D-return,45.863351,25.777800,329,9195.8
1D-return,45.863410,25.777842,330,9203.1
1D-return,45.863861,25.778148,331,9258.7
1D-return,45.864120,25.778310,332,9290.1
1D-return,45.864195,25.778353,333,9299.1
1D-return,45.864261,25.778384,334,9306.8
1D-return,45.864326,25.778407,335,9314.3
1D-return,45.864395,25.778430,336,9322.2
1D-return,45.864565,25.778464,337,9341.3
1D-return,45.865003,25.778546,338,9390.4
1D-return,45.865601,25.778658,339,9457.6
1D-return,45.865709,25.778683,340,9469.8
1D-return,45.865814,25.778708,341,9481.6
1D-return,45.866724,25.778919,342,9584.2
1D-return,45.867110,25.779007,343,9627.7
2-depart,45.868000,25.779200,0,0.0
2-depart,45.864300,25.778400,1,416.5
2-depart,45.865000,25.770300,2,1049.2
2-depart,45.862400,25.769800,3,1341.3
2-depart,45.861900,25.769800,4,1396.9
2-depart,45.861400,25.770000,5,1454.7
2-depart,45.858700,25.777700,6,2123.0
2-depart,45.858700,25.778100,7,2154.0
2-depart,45.858900,25.778600,8,2198.7
2-depart,45.860900,25.781400,9,2509.7
2-depart,45.861600,25.782000,10,2600.4
2-depart,45.862800,25.784300,11,2823.2
2-depart,45.862900,25.784300,12,2834.4
2-depart,45.863200,25.783700,13,2891.6
2-depart,45.863600,25.783800,14,2936.8
2-depart,45.863200,25.786400,15,3143.2
2-depart,45.865000,25.787000,16,3348.9
2-depart,45.864600,25.789000,17,3510.2
2-depart,45.864500,25.791100,18,3673.4
2-depart,45.864700,25.790300,19,3739.3
2-depart,45.865800,25.789600,20,3873.2
2-depart,45.866200,25.788300,21,3983.4
2-depart,45.866500,25.787800,22,4034.6
2-depart,45.868600,25.787100,23,4274.6
2-depart,45.869300,25.786600,24,4361.6
2-depart,45.871200,25.789000,25,4643.3
2-depart,45.871300,25.789200,26,4662.3
2-depart,45.874200,25.791700,27,5038.9
2-depart,45.872400,25.795700,28,5408.0
2-depart,45.871700,25.795400,29,5489.3
2-depart,45.868900,25.792800,30,5860.5
2-depart,45.868000,25.795500,31,6092.5
2-depart,45.867800,25.795800,32,6124.7
2-depart,45.866600,25.796000,33,6259.2
2-depart,45.864100,25.796100,34,6537.6
2-depart,45.864300,25.797200,35,6625.7
2-depart,45.863500,25.802200,36,7023.4
2-depart,45.863400,25.805900,37,7310.5
2-depart,45.863200,25.806500,38,7362.0
2-depart,45.863400,25.807100,39,7413.6
2-depart,45.863200,25.809800,40,7624.1
2-depart,45.863100,25.809900,41,7637.7
2-depart,45.863200,25.810000,42,7651.2
2-return,45.863200,25.810000,0,0.0
2-return,45.863300,25.809900,1,13.6
2-return,45.863200,25.809800,2,27.1
2-return,45.863400,25.807100,3,237.6
2-return,45.863400,25.806500,4,284.1
2-return,45.863400,25.805900,5,330.6
2-return,45.863500,25.802200,6,617.7
2-return,45.864400,25.796300,7,1085.9
2-return,45.864700,25.796100,8,1122.7
2-return,45.867100,25.795900,9,1390.3
2-return,45.867800,25.795800,10,1468.6
2-return,45.868000,25.795500,11,1500.8
2-return,45.868900,25.792800,12,1732.9
2-return,45.871700,25.795400,13,2104.0
2-return,45.872400,25.795700,14,2185.3
2-return,45.874200,25.791700,15,2554.5
2-return,45.871500,25.789400,16,2903.9
2-return,45.871300,25.789200,17,2931.1
2-return,45.871400,25.789000,18,2950.2
2-return,45.871100,25.788900,19,2984.4
2-return,45.870300,25.788000,20,3097.6
2-return,45.869300,25.786700,21,3247.7
2-return,45.868600,25.787100,22,3331.6
2-return,45.867700,25.787400,23,3434.4
2-return,45.867800,25.786400,24,3512.7
2-return,45.866600,25.785800,25,3654.2
2-return,45.863100,25.784500,26,4056.6
2-return,45.862900,25.784100,27,4094.8
2-return,45.862600,25.783900,28,4131.6
2-return,45.861600,25.782000,29,4316.3
2-return,45.860900,25.781400,30,4407.0
2-return,45.858900,25.778600,31,4718.0
2-return,45.858700,25.778200,32,4756.1
2-return,45.858700,25.777900,33,4779.4
2-return,45.858800,25.777400,34,4819.7
2-return,45.859600,25.775200,35,5012.1
2-return,45.864200,25.778400,36,5581.1
2-return,45.867100,25.779000,37,5907.3
2D-depart,45.867696,25.779136,0,0.0
2D-depart,45.867625,25.779122,1,8.0
2D-depart,45.867154,25.779017,2,61.0
2D-depart,45.866724,25.778919,3,109.5
2D-depart,45.865814,25.778708,4,212.1
2D-depart,45.865709,25.778683,5,224.0
2D-depart,45.865601,25.778658,6,236.1
2D-depart,45.865003,25.778546,7,303.3
2D-depart,45.864565,25.778464,8,352.4
2D-depart,45.864395,25.778430,9,371.6
2D-depart,45.864326,25.778407,10,379.4
2D-depart,45.864261,25.778384,11,386.9
2D-depart,45.864272,25.778275,12,395.4
2D-depart,45.864435,25.776566,13,529.1
2D-depart,45.864540,25.775609,14,604.2
2D-depart,45.864548,25.775533,15,610.2
2D-depart,45.864698,25.774045,16,726.8
2D-depart,45.864705,25.773964,17,733.1
2D-depart,45.864813,25.772502,18,847.0
2D-depart,45.864837,25.772185,19,871.8
2D-depart,45.864848,25.772056,20,881.8
2D-depart,45.865038,25.770263,21,1022.4
2D-depart,45.864987,25.770257,22,1028.1
2D-depart,45.864343,25.770149,23,1100.3
2D-depart,45.864152,25.770117,24,1121.7
2D-depart,45.863639,25.770017,25,1179.3
2D-depart,45.863295,25.769958,26,1217.9
2D-depart,45.862957,25.769899,27,1255.8
2D-depart,45.862592,25.769845,28,1296.7
2D-depart,45.862371,25.769799,29,1321.5
2D-depart,45.862227,25.769785,30,1337.6
2D-depart,45.861986,25.769793,31,1364.4
2D-depart,45.861867,25.769810,32,1377.7
2D-depart,45.861748,25.769841,33,1391.2
2D-depart,45.861636,25.769881,34,1404.0
2D-depart,45.861559,25.769914,35,1413.0
2D-depart,45.861503,25.769949,36,1419.8
2D-depart,45.861466,25.769986,37,1424.8
2D-depart,45.861417,25.770040,38,1431.7
2D-depart,45.861381,25.770118,39,1438.9
2D-depart,45.861320,25.770254,40,1451.5
2D-depart,45.861275,25.770387,41,1462.9
2D-depart,45.861070,25.770969,42,1513.5
2D-depart,45.861004,25.771165,43,1530.4
2D-depart,45.860892,25.771494,44,1558.8
2D-depart,45.860567,25.772452,45,1641.4
2D-depart,45.860472,25.772713,46,1664.2
2D-depart,45.860442,25.772773,47,1669.9
2D-depart,45.860310,25.772996,48,1692.6
2D-depart,45.860302,25.773132,49,1703.2
2D-depart,45.860269,25.773254,50,1713.4
2D-depart,45.860142,25.773668,51,1748.4
2D-depart,45.860037,25.773977,52,1775.1
2D-depart,45.859931,25.774287,53,1801.9
2D-depart,45.859891,25.774399,54,1811.6
2D-depart,45.859662,25.775030,55,1866.8
2D-depart,45.859592,25.775208,56,1882.6
2D-depart,45.859498,25.775437,57,1903.2
2D-depart,45.859450,25.775557,58,1914.0
2D-depart,45.859321,25.775909,59,1944.8
2D-depart,45.859286,25.776005,60,1953.2
2D-depart,45.858976,25.776850,61,2027.2
2D-depart,45.858974,25.776856,62,2027.8
2D-depart,45.858875,25.777124,63,2051.3
2D-depart,45.858829,25.777246,64,2062.0
2D-depart,45.858792,25.777354,65,2071.4
2D-depart,45.858753,25.777482,66,2082.2
2D-depart,45.858721,25.777595,67,2091.6
2D-depart,45.858697,25.777690,68,2099.5
2D-depart,45.858685,25.777786,69,2107.0
2D-depart,45.858678,25.777884,70,2114.7
2D-depart,45.858674,25.777989,71,2122.8
2D-depart,45.858685,25.778092,72,2130.9
2D-depart,45.858724,25.778244,73,2143.5
2D-depart,45.858766,25.778358,74,2153.5
2D-depart,45.858829,25.778479,75,2165.2
2D-depart,45.858931,25.778645,76,2182.3
2D-depart,45.859051,25.778803,77,2200.5
2D-depart,45.859646,25.779634,78,2292.9
2D-depart,45.859933,25.780047,79,2338.1
2D-depart,45.860294,25.780613,80,2397.6
2D-depart,45.860342,25.780685,81,2405.3
2D-depart,45.860516,25.780929,82,2432.4
2D-depart,45.860757,25.781280,83,2470.6
2D-depart,45.860859,25.781421,84,2486.4
2D-depart,45.860940,25.781512,85,2497.8
2D-depart,45.860986,25.781552,86,2503.8
2D-depart,45.861006,25.781567,87,2506.3
2D-depart,45.861133,25.781652,88,2521.9
2D-depart,45.861463,25.781880,89,2562.7
2D-depart,45.861516,25.781922,90,2569.4
2D-depart,45.861563,25.781972,91,2575.9
2D-depart,45.861608,25.782029,92,2582.6
2D-depart,45.861664,25.782116,93,2591.8
2D-depart,45.861837,25.782387,94,2620.3
2D-depart,45.861879,25.782456,95,2627.4
2D-depart,45.861940,25.782576,96,2638.9
2D-depart,45.862039,25.782788,97,2658.7
2D-depart,45.862184,25.783087,98,2687.0
2D-depart,45.862329,25.783396,99,2715.8
2D-depart,45.862444,25.783644,100,2738.9
2D-depart,45.862556,25.783857,101,2759.6
2D-depart,45.862660,25.784092,102,2781.2
2D-depart,45.862701,25.784158,103,2788.1
2D-depart,45.862732,25.784204,104,2793.0
2D-depart,45.862781,25.784266,105,2800.3
2D-depart,45.862796,25.784296,106,2803.2
2D-depart,45.862816,25.784319,107,2806.0
2D-depart,45.862840,25.784332,108,2808.9
2D-depart,45.862866,25.784334,109,2811.8
2D-depart,45.862891,25.784325,110,2814.6
2D-depart,45.862915,25.784303,111,2817.8
2D-depart,45.862933,25.784271,112,2821.0
2D-depart,45.862942,25.784233,113,2824.1
2D-depart,45.862943,25.784193,114,2827.2
2D-depart,45.862965,25.784108,115,2834.2
2D-depart,45.862979,25.784070,116,2837.6
2D-depart,45.863006,25.784011,117,2843.0
2D-depart,45.863088,25.783856,118,2858.1
2D-depart,45.863137,25.783789,119,2865.7
2D-depart,45.863182,25.783736,120,2872.1
2D-depart,45.863237,25.783693,121,2879.1
2D-depart,45.863290,25.783670,122,2885.3
2D-depart,45.863344,25.783663,123,2891.3
2D-depart,45.863375,25.783663,124,2894.8
2D-depart,45.863415,25.783668,125,2899.2
2D-depart,45.863452,25.783678,126,2903.4
2D-depart,45.863483,25.783692,127,2907.0
2D-depart,45.863516,25.783716,128,2911.2
2D-depart,45.863540,25.783746,129,2914.7
2D-depart,45.863552,25.783765,130,2916.7
2D-depart,45.863564,25.783804,131,2920.0
2D-depart,45.863572,25.783860,132,2924.4
2D-depart,45.863436,25.784676,133,2989.5
2D-depart,45.863391,25.785000,134,3015.1
2D-depart,45.863364,25.785192,135,3030.3
2D-depart,45.863223,25.786200,136,3110.0
2D-depart,45.863213,25.786275,137,3115.9
2D-depart,45.863195,25.786398,138,3125.6
2D-depart,45.863262,25.786416,139,3133.2
2D-depart,45.863353,25.786441,140,3143.5
2D-depart,45.863612,25.786513,141,3172.9
2D-depart,45.864294,25.786704,142,3250.3
2D-depart,45.864625,25.786799,143,3287.8
2D-depart,45.864873,25.786878,144,3316.1
2D-depart,45.864919,25.786893,145,3321.4
2D-depart,45.864955,25.786926,146,3326.1
2D-depart,45.864987,25.786965,147,3330.8
2D-depart,45.865004,25.787012,148,3334.9
2D-depart,45.865007,25.787067,149,3339.2
2D-depart,45.865003,25.787131,150,3344.1
2D-depart,45.864864,25.787782,151,3396.9
2D-depart,45.864778,25.788118,152,3424.7
2D-depart,45.864767,25.788168,153,3428.7
2D-depart,45.864758,25.788206,154,3431.9
2D-depart,45.864725,25.788343,155,3443.1
2D-depart,45.864691,25.788490,156,3455.1
2D-depart,45.864651,25.788693,157,3471.5
2D-depart,45.864606,25.788950,158,3492.0
2D-depart,45.864594,25.789037,159,3498.9
2D-depart,45.864563,25.789288,160,3518.6
2D-depart,45.864550,25.789420,161,3529.0
2D-depart,45.864520,25.789955,162,3570.6
2D-depart,45.864519,25.789987,163,3573.1
2D-depart,45.864516,25.790122,164,3583.5
2D-depart,45.864472,25.790901,165,3644.1
2D-depart,45.864460,25.791105,166,3660.0
2D-depart,45.864539,25.790875,167,3679.9
2D-depart,45.864608,25.790684,168,3696.5
2D-depart,45.864729,25.790345,169,3726.1
2D-depart,45.864771,25.790307,170,3731.6
2D-depart,45.864828,25.790265,171,3738.7
2D-depart,45.865514,25.789844,172,3821.8
2D-depart,45.865580,25.789801,173,3829.8
2D-depart,45.865654,25.789748,174,3839.1
2D-depart,45.865693,25.789711,175,3844.3
2D-depart,45.865746,25.789649,176,3851.9
2D-depart,45.865787,25.789582,177,3858.8
2D-depart,45.865821,25.789511,178,3865.5
2D-depart,45.865833,25.789475,179,3868.6
2D-depart,45.865998,25.788966,180,3912.1
2D-depart,45.866014,25.788917,181,3916.3
2D-depart,45.866058,25.788770,182,3928.7
2D-depart,45.866138,25.788514,183,3950.4
2D-depart,45.866181,25.788373,184,3962.4
2D-depart,45.866211,25.788286,185,3969.9
2D-depart,45.866275,25.788134,186,3983.6
2D-depart,45.866349,25.787986,187,3997.8
2D-depart,45.866412,25.787880,188,4008.6
2D-depart,45.866451,25.787823,189,4014.8
2D-depart,45.866504,25.787764,190,4022.2
2D-depart,45.866563,25.787722,191,4029.6
2D-depart,45.866615,25.787696,192,4035.7
2D-depart,45.866697,25.787660,193,4045.2
2D-depart,45.866749,25.787642,194,4051.2
2D-depart,45.867029,25.787575,195,4082.8
2D-depart,45.867147,25.787542,196,4096.2
2D-depart,45.867287,25.787505,197,4112.0
2D-depart,45.867425,25.787465,198,4127.7
2D-depart,45.867658,25.787402,199,4154.1
2D-depart,45.867838,25.787358,200,4174.4
2D-depart,45.867944,25.787331,201,4186.4
2D-depart,45.868080,25.787283,202,4202.0
2D-depart,45.868597,25.787098,203,4261.3
2D-depart,45.868670,25.787059,204,4270.0
2D-depart,45.868739,25.787013,205,4278.4
2D-depart,45.868832,25.786948,206,4290.0
2D-depart,45.869169,25.786693,207,4332.4
2D-depart,45.869219,25.786659,208,4338.5
2D-depart,45.869267,25.786651,209,4343.9
2D-depart,45.869323,25.786664,210,4350.2
2D-depart,45.869369,25.786708,211,4356.4
2D-depart,45.869488,25.786882,212,4375.3
2D-depart,45.869900,25.787488,213,4440.9
2D-depart,45.870215,25.787881,214,4487.4
2D-depart,45.870345,25.788030,215,4505.9
2D-depart,45.870754,25.788495,216,4563.9
2D-depart,45.870913,25.788676,217,4586.5
2D-depart,45.871131,25.788925,218,4617.5
2D-depart,45.871182,25.788973,219,4624.3
2D-depart,45.871193,25.788975,220,4625.6
2D-depart,45.871179,25.789013,221,4628.9
2D-depart,45.871173,25.789055,222,4632.2
2D-depart,45.871177,25.789098,223,4635.6
2D-depart,45.871190,25.789137,224,4638.9
2D-depart,45.871207,25.789164,225,4641.8
2D-depart,45.871228,25.789183,226,4644.5
2D-depart,45.871259,25.789196,227,4648.1
2D-depart,45.871291,25.789194,228,4651.7
2D-depart,45.871311,25.789183,229,4654.1
2D-depart,45.871330,25.789167,230,4656.5
2D-depart,45.871367,25.789281,231,4666.3
2D-depart,45.871420,25.789368,232,4675.2
2D-depart,45.871475,25.789428,233,4682.9
2D-depart,45.872865,25.790604,234,4862.5
2D-depart,45.872887,25.790620,235,4865.2
2D-depart,45.873399,25.791021,236,4930.2
2D-depart,45.874057,25.791570,237,5014.9
2D-depart,45.874167,25.791660,238,5029.0
2D-depart,45.874074,25.791879,239,5048.8
2D-depart,45.873990,25.792078,240,5066.9
2D-depart,45.873949,25.792175,241,5075.7
2D-depart,45.873755,25.792620,242,5116.4
2D-depart,45.873697,25.792754,243,5128.6
2D-depart,45.873633,25.792909,244,5142.6
2D-depart,45.873575,25.793051,245,5155.3
2D-depart,45.873557,25.793094,246,5159.2
2D-depart,45.873513,25.793197,247,5168.6
2D-depart,45.873329,25.793626,248,5207.6
2D-depart,45.873272,25.793758,249,5219.7
2D-depart,45.873210,25.793903,250,5232.9
2D-depart,45.873179,25.793975,251,5239.4
2D-depart,45.873040,25.794307,252,5269.4
2D-depart,45.873007,25.794383,253,5276.4
2D-depart,45.872937,25.794537,254,5290.6
2D-depart,45.872903,25.794610,255,5297.5
2D-depart,45.872870,25.794682,256,5304.1
2D-depart,45.872839,25.794748,257,5310.3
2D-depart,45.872738,25.794967,258,5330.7
2D-depart,45.872370,25.795737,259,5403.1
2D-depart,45.872301,25.795712,260,5411.0
2D-depart,45.872212,25.795679,261,5421.2
2D-depart,45.872021,25.795598,262,5443.4
2D-depart,45.871939,25.795563,263,5452.9
2D-depart,45.871855,25.795518,264,5462.9
2D-depart,45.871790,25.795478,265,5470.7
2D-depart,45.871714,25.795419,266,5480.4
2D-depart,45.871637,25.795353,267,5490.3
2D-depart,45.871442,25.795174,268,5516.1
2D-depart,45.871389,25.795122,269,5523.3
2D-depart,45.871200,25.794937,270,5548.7
2D-depart,45.871176,25.794913,271,5552.0
2D-depart,45.870310,25.794074,272,5668.3
2D-depart,45.869916,25.793698,273,5720.9
2D-depart,45.869843,25.793628,274,5730.7
2D-depart,45.869773,25.793559,275,5740.1
2D-depart,45.869743,25.793530,276,5744.2
2D-depart,45.869289,25.793126,277,5803.6
2D-depart,45.869003,25.792872,278,5841.1
2D-depart,45.868953,25.792829,279,5847.5
2D-depart,45.868923,25.792803,280,5851.4
2D-depart,45.868904,25.792851,281,5855.7
2D-depart,45.868863,25.792964,282,5865.6
2D-depart,45.868718,25.793382,283,5901.8
2D-depart,45.868409,25.794251,284,5977.4
2D-depart,45.868301,25.794575,285,6005.3
2D-depart,45.868250,25.794729,286,6018.5
2D-depart,45.868130,25.795159,287,6054.4
2D-depart,45.868001,25.795534,288,6086.8
2D-depart,45.867972,25.795610,289,6093.5
2D-depart,45.867945,25.795668,290,6098.9
2D-depart,45.867913,25.795716,291,6104.1
2D-depart,45.867872,25.795764,292,6110.0
2D-depart,45.867815,25.795810,293,6117.3
2D-depart,45.867744,25.795849,294,6125.7
2D-depart,45.867665,25.795877,295,6134.8
2D-depart,45.867595,25.795895,296,6142.7
2D-depart,45.867512,25.795911,297,6152.0
2D-depart,45.867454,25.795918,298,6158.5
2D-depart,45.867107,25.795949,299,6197.2
2D-depart,45.866898,25.795968,300,6220.5
2D-depart,45.866621,25.795991,301,6251.4
2D-depart,45.865888,25.796028,302,6333.1
2D-depart,45.865800,25.796030,303,6342.9
2D-depart,45.865754,25.796032,304,6348.0
2D-depart,45.865696,25.796034,305,6354.4
2D-depart,45.864740,25.796078,306,6460.9
2D-depart,45.864548,25.796090,307,6482.3
2D-depart,45.864423,25.796098,308,6496.2
2D-depart,45.864208,25.796110,309,6520.2
2D-depart,45.864176,25.796112,310,6523.8
2D-depart,45.864101,25.796116,311,6532.1
2D-depart,45.864135,25.796260,312,6543.9
2D-depart,45.864199,25.796532,313,6566.1
2D-depart,45.864206,25.796560,314,6568.5
2D-depart,45.864222,25.796637,315,6574.7
2D-depart,45.864257,25.796791,316,6587.2
2D-depart,45.864273,25.796884,317,6594.7
2D-depart,45.864282,25.796959,318,6600.6
2D-depart,45.864283,25.797028,319,6605.9
2D-depart,45.864280,25.797110,320,6612.3
2D-depart,45.864274,25.797205,321,6619.7
2D-depart,45.864105,25.798287,322,6705.6
2D-depart,45.864097,25.798333,323,6709.3
2D-depart,45.863963,25.799153,324,6774.6
2D-depart,45.863940,25.799335,325,6788.9
2D-depart,45.863624,25.801339,326,6948.2
2D-depart,45.863616,25.801396,327,6952.7
2D-depart,45.863583,25.801620,328,6970.5
2D-depart,45.863560,25.801807,329,6985.2
2D-depart,45.863538,25.801997,330,7000.1
2D-depart,45.863518,25.802208,331,7016.6
2D-depart,45.863501,25.802438,332,7034.6
2D-depart,45.863473,25.802896,333,7070.2
2D-depart,45.863452,25.803504,334,7117.4
2D-depart,45.863431,25.804166,335,7168.8
2D-depart,45.863426,25.804354,336,7183.4
2D-depart,45.863408,25.805245,337,7252.5
2D-depart,45.863400,25.805652,338,7284.0
2D-depart,45.863392,25.805922,339,7305.0
2D-depart,45.863309,25.806254,340,7332.3
2D-depart,45.863286,25.806337,341,7339.2
2D-depart,45.863265,25.806414,342,7345.6
2D-depart,45.863245,25.806441,343,7348.7
2D-depart,45.863230,25.806473,344,7351.7
2D-depart,45.863220,25.806521,345,7355.6
2D-depart,45.863219,25.806571,346,7359.5
2D-depart,45.863230,25.806618,347,7363.3
2D-depart,45.863250,25.806660,348,7367.2
2D-depart,45.863277,25.806690,349,7371.0
2D-depart,45.863297,25.806702,350,7373.5
2D-depart,45.863313,25.806829,351,7383.5
2D-depart,45.863352,25.807110,352,7405.7
2D-depart,45.863350,25.807233,353,7415.2
2D-depart,45.863348,25.807276,354,7418.6
2D-depart,45.863320,25.807947,355,7470.7
2D-depart,45.863309,25.808315,356,7499.2
2D-depart,45.863298,25.808564,357,7518.6
2D-depart,45.863276,25.809096,358,7559.9
2D-depart,45.863267,25.809291,359,7575.0
2D-depart,45.863245,25.809687,360,7605.8
2D-depart,45.863238,25.809795,361,7614.2
2D-depart,45.863212,25.809789,362,7617.2
2D-depart,45.863186,25.809795,363,7620.1
2D-depart,45.863163,25.809811,364,7622.9
2D-depart,45.863144,25.809837,365,7625.9
2D-depart,45.863131,25.809870,366,7628.8
2D-depart,45.863125,25.809912,367,7632.1
2D-depart,45.863130,25.809954,368,7635.4
2D-depart,45.863144,25.809991,369,7638.7
2D-depart,45.863158,25.810009,370,7640.8
2D-depart,45.863166,25.810020,371,7642.0
2D-depart,45.863193,25.810036,372,7645.3
2D-depart,45.863222,25.810038,373,7648.5
2D-depart,45.863251,25.810026,374,7651.9
2D-depart,45.863271,25.810007,375,7654.5
2D-depart,45.863286,25.809980,376,7657.2
2D-depart,45.863296,25.809948,377,7659.9
2D-depart,45.863299,25.809913,378,7662.7
2D-depart,45.863296,25.809878,379,7665.4
2D-depart,45.863287,25.809850,380,7667.8
2D-depart,45.863274,25.809826,381,7670.1
2D-depart,45.863258,25.809807,382,7672.4
2D-depart,45.863238,25.809795,383,7674.9
2D-depart,45.863245,25.809687,384,7683.3
2D-depart,45.863267,25.809291,385,7714.1
2D-depart,45.863276,25.809096,386,7729.2
2D-depart,45.862942,25.809055,387,7766.5
2D-depart,45.862969,25.808335,388,7822.4
2D-depart,45.862957,25.808296,389,7825.7
2D-depart,45.862928,25.808268,390,7829.6
2D-depart,45.862581,25.808194,391,7868.7
2D-depart,45.862156,25.808108,392,7916.4
2D-depart,45.861904,25.808022,393,7945.3
2D-depart,45.861658,25.807984,394,7972.8
2D-depart,45.861641,25.807986,395,7974.7
2D-depart,45.861633,25.808011,396,7976.9
2D-depart,45.861631,25.808224,397,7993.4
2D-depart,45.861624,25.808248,398,7995.4
2D-depart,45.861608,25.808257,399,7997.3
2D-depart,45.861383,25.808242,400,8022.4
2D-depart,45.861356,25.808150,401,8030.1
2D-depart,45.861377,25.807574,402,8074.8
2D-depart,45.860910,25.807555,403,8126.8
2D-depart,45.860123,25.807515,404,8214.5
2D-depart,45.859582,25.807454,405,8274.9
2D-depart,45.858640,25.807322,406,8380.3
2D-depart,45.858596,25.807319,407,8385.2
2D-depart,45.858098,25.807253,408,8440.8
2D-depart,45.857634,25.807194,409,8492.7
2D-depart,45.857527,25.807179,410,8504.7
2D-depart,45.856662,25.807046,411,8601.5
2D-depart,45.856573,25.807032,412,8611.5
2D-depart,45.856550,25.806752,413,8633.3
2D-depart,45.856698,25.806665,414,8651.1
2D-depart,45.856764,25.806555,415,8662.4
2D-depart,45.856698,25.806665,416,8673.7
2D-depart,45.856550,25.806752,417,8691.5
2D-depart,45.856573,25.807032,418,8713.3
2D-depart,45.856494,25.807022,419,8722.1
2D-depart,45.856284,25.806973,420,8745.8
2D-depart,45.856238,25.807571,421,8792.5
2D-depart,45.856143,25.808529,422,8867.5
2D-depart,45.856119,25.808773,423,8886.6
2D-depart,45.856110,25.808864,424,8893.7
2D-depart,45.856041,25.809538,425,8946.5
2D-depart,45.856000,25.810353,426,9009.9
2D-depart,45.855887,25.812550,427,9180.7
2D-depart,45.855856,25.813000,428,9215.8
2D-depart,45.855834,25.813603,429,9262.6
2D-depart,45.855788,25.814523,430,9334.1
2D-depart,45.855778,25.814709,431,9348.5
2D-depart,45.855764,25.814959,432,9368.0
2D-depart,45.855756,25.815249,433,9390.5
2D-depart,45.855698,25.816550,434,9491.6
2D-depart,45.855707,25.816783,435,9509.7
2D-depart,45.855709,25.816815,436,9512.1
2D-depart,45.855721,25.816995,437,9526.2
2D-depart,45.855781,25.817255,438,9547.4
2D-depart,45.855849,25.817430,439,9562.9
2D-depart,45.855947,25.817589,440,9579.4
2D-depart,45.856022,25.817654,441,9589.2
2D-depart,45.856111,25.817730,442,9600.7
2D-depart,45.856230,25.817791,443,9614.7
2D-depart,45.856361,25.817835,444,9629.7
2D-depart,45.856794,25.817929,445,9678.5
2D-depart,45.857570,25.818058,446,9765.4
2D-depart,45.858114,25.818157,447,9826.5
2D-depart,45.858506,25.818216,448,9870.4
2D-depart,45.858581,25.818227,449,9878.7
2D-depart,45.859106,25.818311,450,9937.5
2D-depart,45.860105,25.818461,451,10049.4
2D-depart,45.861093,25.818597,452,10159.9
2D-depart,45.861269,25.817313,453,10261.3
2D-depart,45.861398,25.817328,454,10275.7
2D-depart,45.861269,25.817313,455,10290.1
2D-depart,45.861093,25.818597,456,10391.6
2D-depart,45.862033,25.818754,457,10496.9
2D-depart,45.863022,25.818906,458,10607.6
2D-depart,45.865071,25.819200,459,10836.9
2D-depart,45.865260,25.819227,460,10858.0
2D-depart,45.865223,25.819491,461,10878.9
2D-depart,45.865173,25.819836,462,10906.2
2D-depart,45.864500,25.824534,463,11278.0
2D-depart,45.863825,25.829162,464,11644.5
2D-depart,45.863664,25.830316,465,11735.8
2D-depart,45.863517,25.831269,466,11811.5
2D-depart,45.863389,25.831891,467,11861.7
2D-depart,45.863351,25.832017,468,11872.4
2D-depart,45.863284,25.832147,469,11884.9
2D-depart,45.863217,25.832186,470,11893.0
2D-depart,45.863160,25.832251,471,11901.1
2D-depart,45.863118,25.832335,472,11909.1
2D-depart,45.863094,25.832430,473,11916.9
2D-depart,45.863089,25.832530,474,11924.7
2D-depart,45.863102,25.832629,475,11932.5
2D-depart,45.863131,25.832713,476,11939.8
2D-depart,45.863173,25.832785,477,11947.0
2D-depart,45.863215,25.832973,478,11962.3
2D-depart,45.863223,25.833149,479,11976.0
2D-depart,45.863209,25.833287,480,11986.8
2D-depart,45.863148,25.833993,481,12042.0
2D-depart,45.862716,25.837017,482,12281.3
2D-depart,45.862623,25.837623,483,12329.4
2D-depart,45.862568,25.837823,484,12346.1
2D-depart,45.862549,25.837891,485,12351.7
2D-depart,45.862530,25.837899,486,12353.9
2D-depart,45.862513,25.837913,487,12356.1
2D-depart,45.862499,25.837933,488,12358.3
2D-depart,45.862489,25.837957,489,12360.5
2D-depart,45.862484,25.837984,490,12362.7
2D-depart,45.862484,25.838012,491,12364.8
2D-depart,45.862488,25.838040,492,12367.0
2D-depart,45.862497,25.838064,493,12369.2
2D-depart,45.862511,25.838085,494,12371.4
2D-depart,45.862507,25.838370,495,12393.5
2D-depart,45.862305,25.839900,496,12514.2
2D-depart,45.862239,25.840420,497,12555.2
2D-depart,45.862083,25.841464,498,12638.0
2D-depart,45.861889,25.841419,499,12659.9
2D-depart,45.861953,25.841017,500,12691.8
2D-depart,45.861889,25.841419,501,12723.8
2D-depart,45.860831,25.841173,502,12843.1
2D-depart,45.859969,25.840973,503,12940.3
2D-depart,45.859557,25.840877,504,12986.8
2D-depart,45.859195,25.840793,505,13027.6
2D-depart,45.859346,25.839492,506,13129.8
2D-depart,45.859420,25.838933,507,13174.0
2D-return,45.859420,25.838933,0,0.0
2D-return,45.859346,25.839492,1,44.1
2D-return,45.859658,25.839565,2,79.3
2D-return,45.860148,25.839681,3,134.6
2D-return,45.861767,25.840077,4,317.4
2D-return,45.861921,25.840113,5,334.8
2D-return,45.862066,25.840148,6,351.1
2D-return,45.862132,25.840183,7,359.0
2D-return,45.862161,25.840211,8,362.9
2D-return,45.862181,25.840243,9,366.2
2D-return,45.862208,25.840313,10,372.4
2D-return,45.862239,25.840420,11,381.4
2D-return,45.862083,25.841464,12,464.2
2D-return,45.861889,25.841419,13,486.0
2D-return,45.861953,25.841017,14,518.0
2D-return,45.861889,25.841419,15,550.0
2D-return,45.862083,25.841464,16,571.9
2D-return,45.862239,25.840420,17,654.6
2D-return,45.862305,25.839900,18,695.6
2D-return,45.862507,25.838370,19,816.3
2D-return,45.862558,25.838173,20,832.6
2D-return,45.862575,25.838108,21,838.0
2D-return,45.862596,25.838098,22,840.5
2D-return,45.862614,25.838079,23,842.9
2D-return,45.862627,25.838053,24,845.4
2D-return,45.862635,25.838023,25,847.9
2D-return,45.862636,25.837991,26,850.4
2D-return,45.862631,25.837960,27,852.9
2D-return,45.862620,25.837932,28,855.4
2D-return,45.862604,25.837910,29,857.8
2D-return,45.862623,25.837623,30,880.2
2D-return,45.862716,25.837017,31,928.3
2D-return,45.863148,25.833993,32,1167.6
2D-return,45.863288,25.833156,33,1234.3
2D-return,45.863325,25.833015,34,1246.0
2D-return,45.863391,25.832876,35,1259.0
2D-return,45.863466,25.832841,36,1267.8
2D-return,45.863529,25.832776,37,1276.5
2D-return,45.863577,25.832686,38,1285.2
2D-return,45.863602,25.832585,39,1293.5
2D-return,45.863607,25.832478,40,1301.9
2D-return,45.863590,25.832373,41,1310.2
2D-return,45.863558,25.832290,42,1317.6
2D-return,45.863513,25.832220,43,1325.0
2D-return,45.863471,25.832033,44,1340.2
2D-return,45.863466,25.831907,45,1350.0
2D-return,45.863517,25.831269,46,1399.8
2D-return,45.863664,25.830316,47,1475.4
2D-return,45.863825,25.829162,48,1566.7
2D-return,45.864500,25.824534,49,1933.2
2D-return,45.865173,25.819836,50,2305.0
2D-return,45.865223,25.819491,51,2332.3
2D-return,45.865260,25.819227,52,2353.2
2D-return,45.865071,25.819200,53,2374.3
2D-return,45.863022,25.818906,54,2603.6
2D-return,45.862033,25.818754,55,2714.3
2D-return,45.861093,25.818597,56,2819.6
2D-return,45.861269,25.817313,57,2921.1
2D-return,45.861398,25.817328,58,2935.5
2D-return,45.861269,25.817313,59,2949.9
2D-return,45.861093,25.818597,60,3051.4
2D-return,45.860105,25.818461,61,3161.8
2D-return,45.859106,25.818311,62,3273.7
2D-return,45.858581,25.818227,63,3332.5
2D-return,45.858114,25.818157,64,3384.7
2D-return,45.857890,25.818116,65,3409.9
2D-return,45.857570,25.818058,66,3445.8
2D-return,45.856794,25.817929,67,3532.7
2D-return,45.856361,25.817835,68,3581.5
2D-return,45.856230,25.817791,69,3596.5
2D-return,45.856111,25.817730,70,3610.5
2D-return,45.856022,25.817654,71,3622.1
2D-return,45.855947,25.817589,72,3631.8
2D-return,45.855849,25.817430,73,3648.3
2D-return,45.855781,25.817255,74,3663.8
2D-return,45.855721,25.816995,75,3685.0
2D-return,45.855709,25.816815,76,3699.1
2D-return,45.855707,25.816783,77,3701.6
2D-return,45.855698,25.816550,78,3719.6
2D-return,45.855756,25.815249,79,3820.7
2D-return,45.855764,25.814959,80,3843.2
2D-return,45.855896,25.814966,81,3857.9
2D-return,45.855764,25.814959,82,3872.6
2D-return,45.855788,25.814523,83,3906.5
2D-return,45.855834,25.813603,84,3978.0
2D-return,45.855856,25.813000,85,4024.9
2D-return,45.855887,25.812550,86,4059.9
2D-return,45.856000,25.810353,87,4230.7
2D-return,45.856041,25.809538,88,4294.1
2D-return,45.856110,25.808864,89,4346.9
2D-return,45.856119,25.808773,90,4354.0
2D-return,45.856167,25.808293,91,4391.6
2D-return,45.856238,25.807571,92,4448.1
2D-return,45.856279,25.807448,93,4458.7
2D-return,45.856343,25.807281,94,4473.5
2D-return,45.856403,25.807158,95,4485.1
2D-return,45.856494,25.807022,96,4499.8
2D-return,45.856573,25.807032,97,4508.6
2D-return,45.856662,25.807046,98,4518.6
2D-return,45.857106,25.807114,99,4568.3
2D-return,45.857527,25.807179,100,4615.4
2D-return,45.857634,25.807194,101,4627.4
2D-return,45.858098,25.807253,102,4679.2
2D-return,45.858596,25.807319,103,4734.9
2D-return,45.858640,25.807322,104,4739.8
2D-return,45.859582,25.807454,105,4845.2
2D-return,45.860123,25.807515,106,4905.6
2D-return,45.860910,25.807555,107,4993.2
2D-return,45.861377,25.807574,108,5045.2
2D-return,45.861576,25.807569,109,5067.4
2D-return,45.861760,25.807555,110,5087.9
2D-return,45.862040,25.807661,111,5120.1
2D-return,45.863197,25.807917,112,5250.5
2D-return,45.863320,25.807947,113,5264.3
2D-return,45.863309,25.808315,114,5292.9
2D-return,45.863298,25.808564,115,5312.2
2D-return,45.863276,25.809096,116,5353.6
2D-return,45.863267,25.809291,117,5368.7
2D-return,45.863245,25.809687,118,5399.5
2D-return,45.863238,25.809795,119,5407.9
2D-return,45.863212,25.809789,120,5410.8
2D-return,45.863186,25.809795,121,5413.8
2D-return,45.863163,25.809811,122,5416.6
2D-return,45.863144,25.809837,123,5419.5
2D-return,45.863131,25.809870,124,5422.5
2D-return,45.863125,25.809912,125,5425.8
2D-return,45.863130,25.809954,126,5429.1
2D-return,45.863144,25.809991,127,5432.4
2D-return,45.863158,25.810009,128,5434.5
2D-return,45.863166,25.810020,129,5435.7
2D-return,45.863193,25.810036,130,5438.9
2D-return,45.863222,25.810038,131,5442.2
2D-return,45.863251,25.810026,132,5445.5
2D-return,45.863271,25.810007,133,5448.2
2D-return,45.863286,25.809980,134,5450.9
2D-return,45.863296,25.809948,135,5453.6
2D-return,45.863299,25.809913,136,5456.3
2D-return,45.863296,25.809878,137,5459.1
2D-return,45.863287,25.809850,138,5461.5
2D-return,45.863274,25.809826,139,5463.8
2D-return,45.863258,25.809807,140,5466.1
2D-return,45.863238,25.809795,141,5468.5
2D-return,45.863245,25.809687,142,5476.9
2D-return,45.863267,25.809291,143,5507.7
2D-return,45.863276,25.809096,144,5522.9
2D-return,45.863298,25.808564,145,5564.2
2D-return,45.863309,25.808315,146,5583.5
2D-return,45.863320,25.807947,147,5612.1
2D-return,45.863348,25.807276,148,5664.2
2D-return,45.863350,25.807233,149,5667.6
2D-return,45.863352,25.807110,150,5677.1
2D-return,45.863391,25.806833,151,5699.0
2D-return,45.863402,25.806745,152,5705.9
2D-return,45.863412,25.806664,153,5712.3
2D-return,45.863432,25.806626,154,5716.0
2D-return,45.863443,25.806586,155,5719.3
2D-return,45.863447,25.806543,156,5722.7
2D-return,45.863442,25.806500,157,5726.1
2D-return,45.863430,25.806460,158,5729.5
2D-return,45.863409,25.806425,159,5733.0
2D-return,45.863392,25.805922,160,5772.1
2D-return,45.863400,25.805652,161,5793.0
2D-return,45.863408,25.805245,162,5824.6
2D-return,45.863426,25.804354,163,5893.7
2D-return,45.863431,25.804166,164,5908.3
2D-return,45.863452,25.803504,165,5959.6
2D-return,45.863473,25.802896,166,6006.8
2D-return,45.863501,25.802438,167,6042.5
2D-return,45.863518,25.802208,168,6060.4
2D-return,45.863538,25.801997,169,6076.9
2D-return,45.863560,25.801807,170,6091.8
2D-return,45.863583,25.801620,171,6106.6
2D-return,45.863616,25.801396,172,6124.3
2D-return,45.863624,25.801339,173,6128.8
2D-return,45.863940,25.799335,174,6288.1
2D-return,45.863963,25.799153,175,6302.4
2D-return,45.864056,25.798585,176,6347.7
2D-return,45.864105,25.798287,177,6371.4
2D-return,45.864274,25.797205,178,6457.4
2D-return,45.864339,25.796805,179,6489.2
2D-return,45.864370,25.796619,180,6504.0
2D-return,45.864385,25.796539,181,6510.5
2D-return,45.864402,25.796464,182,6516.6
2D-return,45.864423,25.796402,183,6521.9
2D-return,45.864450,25.796343,184,6527.4
2D-return,45.864490,25.796278,185,6534.1
2D-return,45.864563,25.796196,186,6544.4
2D-return,45.864621,25.796149,187,6551.8
2D-return,45.864740,25.796078,188,6566.2
2D-return,45.865696,25.796034,189,6672.7
2D-return,45.865754,25.796032,190,6679.1
2D-return,45.865800,25.796030,191,6684.2
2D-return,45.865888,25.796028,192,6694.0
2D-return,45.866621,25.795991,193,6775.7
2D-return,45.866898,25.795968,194,6806.6
2D-return,45.867193,25.795941,195,6839.5
2D-return,45.867454,25.795918,196,6868.6
2D-return,45.867512,25.795911,197,6875.1
2D-return,45.867595,25.795895,198,6884.4
2D-return,45.867665,25.795877,199,6892.3
2D-return,45.867744,25.795849,200,6901.4
2D-return,45.867815,25.795810,201,6909.8
2D-return,45.867872,25.795764,202,6917.1
2D-return,45.867913,25.795716,203,6923.0
2D-return,45.867945,25.795668,204,6928.1
2D-return,45.867972,25.795610,205,6933.6
2D-return,45.868001,25.795534,206,6940.3
2D-return,45.868130,25.795159,207,6972.7
2D-return,45.868250,25.794729,208,7008.6
2D-return,45.868301,25.794575,209,7021.8
2D-return,45.868409,25.794251,210,7049.7
2D-return,45.868718,25.793382,211,7125.3
2D-return,45.868863,25.792964,212,7161.5
2D-return,45.868904,25.792851,213,7171.4
2D-return,45.868923,25.792803,214,7175.7
2D-return,45.868953,25.792829,215,7179.6
2D-return,45.869003,25.792872,216,7186.0
2D-return,45.869248,25.793090,217,7218.1
2D-return,45.869743,25.793530,218,7282.9
2D-return,45.869773,25.793559,219,7287.0
2D-return,45.869843,25.793628,220,7296.4
2D-return,45.869916,25.793698,221,7306.2
2D-return,45.870310,25.794074,222,7358.8
2D-return,45.871176,25.794913,223,7475.1
2D-return,45.871200,25.794937,224,7478.4
2D-return,45.871442,25.795174,225,7511.0
2D-return,45.871637,25.795353,226,7536.7
2D-return,45.871714,25.795419,227,7546.7
2D-return,45.871790,25.795478,228,7556.3
2D-return,45.871855,25.795518,229,7564.2
2D-return,45.871939,25.795563,230,7574.2
2D-return,45.872021,25.795598,231,7583.7
2D-return,45.872021,25.795598,232,7583.7
2D-return,45.872212,25.795679,233,7605.9
2D-return,45.872301,25.795712,234,7616.1
2D-return,45.872370,25.795737,235,7624.0
2D-return,45.872738,25.794967,236,7696.4
2D-return,45.872839,25.794748,237,7716.8
2D-return,45.872870,25.794682,238,7723.0
2D-return,45.872903,25.794610,239,7729.6
2D-return,45.872937,25.794537,240,7736.4
2D-return,45.873007,25.794383,241,7750.7
2D-return,45.873040,25.794307,242,7757.6
2D-return,45.873179,25.793975,243,7787.7
2D-return,45.873210,25.793903,244,7794.2
2D-return,45.873272,25.793758,245,7807.4
2D-return,45.873329,25.793626,246,7819.5
2D-return,45.873513,25.793197,247,7858.5
2D-return,45.873557,25.793094,248,7867.9
2D-return,45.873575,25.793051,249,7871.8
2D-return,45.873633,25.792909,250,7884.5
2D-return,45.873697,25.792754,251,7898.5
2D-return,45.873755,25.792620,252,7910.7
2D-return,45.873802,25.792512,253,7920.6
2D-return,45.873949,25.792175,254,7951.4
2D-return,45.874074,25.791879,255,7978.2
2D-return,45.874167,25.791660,256,7998.1
2D-return,45.874057,25.791570,257,8012.2
2D-return,45.873399,25.791021,258,8096.9
2D-return,45.872887,25.790620,259,8161.9
2D-return,45.872865,25.790604,260,8164.6
2D-return,45.871475,25.789428,261,8344.2
2D-return,45.871420,25.789368,262,8351.9
2D-return,45.871367,25.789281,263,8360.8
2D-return,45.871330,25.789167,264,8370.6
2D-return,45.871350,25.789134,265,8374.0
2D-return,45.871363,25.789094,266,8377.4
2D-return,45.871366,25.789050,267,8380.8
2D-return,45.871359,25.789007,268,8384.2
2D-return,45.871343,25.788969,269,8387.7
2D-return,45.871317,25.788938,270,8391.4
2D-return,45.871284,25.788922,271,8395.3
2D-return,45.871250,25.788923,272,8399.1
2D-return,45.871218,25.788942,273,8403.0
2D-return,45.871193,25.788975,274,8406.7
2D-return,45.871182,25.788973,275,8408.0
2D-return,45.871131,25.788925,276,8414.8
2D-return,45.870845,25.788599,277,8455.4
2D-return,45.870754,25.788495,278,8468.4
2D-return,45.870345,25.788030,279,8526.4
2D-return,45.870215,25.787881,280,8544.9
2D-return,45.869900,25.787488,281,8591.4
2D-return,45.869488,25.786882,282,8657.0
2D-return,45.869369,25.786708,283,8675.9
2D-return,45.869323,25.786664,284,8682.1
2D-return,45.869267,25.786651,285,8688.4
2D-return,45.869219,25.786659,286,8693.8
2D-return,45.869169,25.786693,287,8700.0
2D-return,45.868928,25.786876,288,8730.3
2D-return,45.868832,25.786948,289,8742.4
2D-return,45.868739,25.787013,290,8753.9
2D-return,45.868670,25.787059,291,8762.3
2D-return,45.868597,25.787098,292,8771.0
2D-return,45.867944,25.787331,293,8845.9
2D-return,45.867838,25.787358,294,8857.9
2D-return,45.867658,25.787402,295,8878.2
2D-return,45.867707,25.787164,296,8897.5
2D-return,45.867744,25.786879,297,8919.9
2D-return,45.867768,25.786633,298,8939.2
2D-return,45.867783,25.786396,299,8957.6
2D-return,45.867719,25.786360,300,8965.3
2D-return,45.867581,25.786286,301,8981.7
2D-return,45.867113,25.786038,302,9037.2
2D-return,45.867052,25.786006,303,9044.4
2D-return,45.866738,25.785855,304,9081.3
2D-return,45.866643,25.785816,305,9092.3
2D-return,45.866479,25.785752,306,9111.2
2D-return,45.865941,25.785576,307,9172.6
2D-return,45.865692,25.785485,308,9201.2
2D-return,45.865634,25.785463,309,9207.9
2D-return,45.865486,25.785407,310,9225.0
2D-return,45.865296,25.785332,311,9246.9
2D-return,45.865212,25.785299,312,9256.6
2D-return,45.865147,25.785272,313,9264.1
2D-return,45.864794,25.785129,314,9305.0
2D-return,45.864758,25.785114,315,9309.1
2D-return,45.864563,25.785041,316,9331.6
2D-return,45.864478,25.785008,317,9341.4
2D-return,45.864379,25.784972,318,9352.7
2D-return,45.863816,25.784756,319,9417.6
2D-return,45.863580,25.784668,320,9444.7
2D-return,45.863535,25.784652,321,9449.9
2D-return,45.863347,25.784592,322,9471.3
2D-return,45.863194,25.784539,323,9488.9
2D-return,45.863129,25.784511,324,9496.4
2D-return,45.863082,25.784485,325,9502.0
2D-return,45.863031,25.784437,326,9508.8
2D-return,45.862995,25.784383,327,9514.6
2D-return,45.862977,25.784344,328,9518.2
2D-return,45.862955,25.784286,329,9523.4
2D-return,45.862942,25.784233,330,9527.7
2D-return,45.862943,25.784193,331,9530.8
2D-return,45.862934,25.784154,332,9534.0
2D-return,45.862916,25.784121,333,9537.2
2D-return,45.862892,25.784099,334,9540.4
2D-return,45.862867,25.784089,335,9543.3
2D-return,45.862841,25.784091,336,9546.2
2D-return,45.862783,25.784083,337,9552.7
2D-return,45.862749,25.784072,338,9556.6
2D-return,45.862718,25.784056,339,9560.2
2D-return,45.862691,25.784031,340,9563.8
2D-return,45.862556,25.783857,341,9584.0
2D-return,45.862444,25.783644,342,9604.7
2D-return,45.862329,25.783396,343,9627.8
2D-return,45.862184,25.783087,344,9656.7
2D-return,45.862039,25.782788,345,9684.9
2D-return,45.861940,25.782576,346,9704.7
2D-return,45.861879,25.782456,347,9716.2
2D-return,45.861837,25.782387,348,9723.3
2D-return,45.861608,25.782029,349,9761.0
2D-return,45.861608,25.782029,350,9761.0
2D-return,45.861563,25.781972,351,9767.7
2D-return,45.861516,25.781922,352,9774.2
2D-return,45.861463,25.781880,353,9781.0
2D-return,45.861133,25.781652,354,9821.7
2D-return,45.861006,25.781567,355,9837.3
2D-return,45.860986,25.781552,356,9839.8
2D-return,45.860940,25.781512,357,9845.8
2D-return,45.860859,25.781421,358,9857.3
2D-return,45.860757,25.781280,359,9873.0
2D-return,45.860516,25.780929,360,9911.2
2D-return,45.860342,25.780685,361,9938.3
2D-return,45.860294,25.780613,362,9946.0
2D-return,45.859933,25.780047,363,10005.5
2D-return,45.859646,25.779634,364,10050.8
2D-return,45.859051,25.778803,365,10143.2
2D-return,45.858931,25.778645,366,10161.3
2D-return,45.858829,25.778479,367,10178.5
2D-return,45.858766,25.778358,368,10190.2
2D-return,45.858724,25.778244,369,10200.2
2D-return,45.858685,25.778092,370,10212.7
2D-return,45.858674,25.777989,371,10220.8
2D-return,45.858678,25.777884,372,10229.0
2D-return,45.858685,25.777786,373,10236.6
2D-return,45.858697,25.777690,374,10244.2
2D-return,45.858721,25.777595,375,10252.0
2D-return,45.858753,25.777482,376,10261.4
2D-return,45.858792,25.777354,377,10272.3
2D-return,45.858829,25.777246,378,10281.6
2D-return,45.858875,25.777124,379,10292.4
2D-return,45.858976,25.776850,380,10316.4
2D-return,45.859286,25.776005,381,10390.4
2D-return,45.859312,25.775934,382,10396.7
2D-return,45.859321,25.775909,383,10398.8
2D-return,45.859450,25.775557,384,10429.7
2D-return,45.859498,25.775437,385,10440.4
2D-return,45.859592,25.775208,386,10461.0
2D-return,45.859897,25.775443,387,10499.5
2D-return,45.860183,25.775636,388,10534.7
2D-return,45.861038,25.776214,389,10639.9
2D-return,45.861714,25.776679,390,10723.4
2D-return,45.862009,25.776874,391,10759.5
2D-return,45.862340,25.777092,392,10800.1
2D-return,45.862660,25.777319,393,10839.8
2D-return,45.863067,25.777600,394,10890.1
2D-return,45.863241,25.777720,395,10911.5
2D-return,45.863272,25.777742,396,10915.4
2D-return,45.863351,25.777800,397,10925.3
2D-return,45.863410,25.777842,398,10932.6
2D-return,45.863861,25.778148,399,10988.1
2D-return,45.864120,25.778310,400,11019.6
2D-return,45.864195,25.778353,401,11028.6
2D-return,45.864261,25.778384,402,11036.3
2D-return,45.864326,25.778407,403,11043.7
2D-return,45.864395,25.778430,404,11051.6
2D-return,45.864565,25.778464,405,11070.7
2D-return,45.865003,25.778546,406,11119.9
2D-return,45.865601,25.778658,407,11187.0
2D-return,45.865709,25.778683,408,11199.2
2D-return,45.865814,25.778708,409,11211.1
2D-return,45.866724,25.778919,410,11313.7
2D-return,45.867110,25.779007,411,11357.2
3-depart,45.858800,25.782700,0,0.0
3-depart,45.857700,25.780800,1,191.6
3-depart,45.855400,25.783400,2,517.4
3-depart,45.854200,25.792100,3,1205.0
3-depart,45.855300,25.793800,4,1385.0
3-depart,45.858200,25.787800,5,1951.2
3-depart,45.860300,25.784600,6,2292.0
3-depart,45.861800,25.786000,7,2491.2
3-depart,45.865000,25.787000,8,2855.8
3-depart,45.864600,25.789000,9,3017.1
3-depart,45.864500,25.791100,10,3180.2
3-depart,45.863700,25.793800,11,3407.7
3-depart,45.863700,25.794400,12,3454.2
3-depart,45.864300,25.797000,13,3666.5
3-depart,45.863500,25.802200,14,4079.4
3-depart,45.863400,25.805900,15,4366.4
3-depart,45.863200,25.806500,16,4418.0
3-depart,45.863400,25.807100,17,4469.5
3-depart,45.863200,25.809800,18,4680.0
3-depart,45.863100,25.809900,19,4693.6
3-depart,45.863200,25.810000,20,4707.1
3-depart,45.863300,25.809900,21,4720.7
3-depart,45.863200,25.809800,22,4734.3
3-depart,45.863400,25.807100,23,4944.8
3-depart,45.863400,25.806500,24,4991.3
3-depart,45.863300,25.806400,25,5004.8
3-depart,45.862800,25.806900,26,5072.7
3-depart,45.861800,25.807600,27,5196.5
3-depart,45.860100,25.807500,28,5385.9
3-depart,45.857600,25.807200,29,5665.2
3-depart,45.857500,25.807200,30,5676.3
3-depart,45.857400,25.806900,31,5702.1
3-depart,45.857100,25.806800,32,5736.4
3-depart,45.857000,25.806500,33,5762.2
3-depart,45.856800,25.806500,34,5784.4
3-depart,45.856500,25.806800,35,5825.1
3-depart,45.856600,25.807000,36,5844.2
3-depart,45.856500,25.807000,37,5855.3
3-depart,45.852000,25.805900,38,6363.5
3-depart,45.847600,25.805100,39,6857.2
3-depart,45.843700,25.803800,40,7302.9
3-depart,45.842400,25.803500,41,7449.5
3-depart,45.841200,25.803300,42,7584.0
3-depart,45.840100,25.803400,43,7706.7
3-depart,45.836800,25.804100,44,8078.0
3-depart,45.836700,25.803900,45,8097.1
3-depart,45.836100,25.804100,46,8165.7
3-depart,45.836100,25.804200,47,8173.4
3-depart,45.835400,25.804300,48,8251.7
3-depart,45.833200,25.804500,49,8497.1
3-depart,45.832200,25.804100,50,8612.7
3-depart,45.824900,25.800400,51,9474.5
3-depart,45.821900,25.799500,52,9815.7
3-depart,45.820800,25.799300,53,9939.1
3-depart,45.818900,25.799200,54,10150.8
3-depart,45.816500,25.798700,55,10420.8
3-depart,45.815700,25.798800,56,10510.1
3-depart,45.812900,25.799300,57,10824.3
3-return,45.812900,25.799300,0,0.0
3-return,45.815700,25.798800,1,314.1
3-return,45.816500,25.798700,2,403.5
3-return,45.818900,25.799200,3,673.5
3-return,45.820800,25.799300,4,885.1
3-return,45.821900,25.799500,5,1008.5
3-return,45.824900,25.800400,6,1349.7
3-return,45.832200,25.804100,7,2211.6
3-return,45.833200,25.804500,8,2327.1
3-return,45.835400,25.804300,9,2572.5
3-return,45.840100,25.803400,10,3100.4
3-return,45.841200,25.803300,11,3223.0
3-return,45.842400,25.803500,12,3357.5
3-return,45.843700,25.803800,13,3504.1
3-return,45.847600,25.805100,14,3949.8
3-return,45.852000,25.805900,15,4443.5
3-return,45.856500,25.807000,16,4951.7
3-return,45.860100,25.807500,17,5354.3
3-return,45.861600,25.807600,18,5521.5
3-return,45.861900,25.807500,19,5555.7
3-return,45.863100,25.806900,20,5697.2
3-return,45.863300,25.807200,21,5729.4
3-return,45.863200,25.809800,22,5931.2
3-return,45.863100,25.809900,23,5944.8
3-return,45.863200,25.810000,24,5958.4
3-return,45.863300,25.809900,25,5971.9
3-return,45.863200,25.809800,26,5985.5
3-return,45.863400,25.807100,27,6196.0
3-return,45.863400,25.806500,28,6242.5
3-return,45.863400,25.805900,29,6289.0
3-return,45.863500,25.802200,30,6576.1
3-return,45.864300,25.797000,31,6988.9
3-return,45.863700,25.794400,32,7201.2
3-return,45.863700,25.793800,33,7247.7
3-return,45.864700,25.790300,34,7541.0
3-return,45.864600,25.790300,35,7552.1
3-return,45.864500,25.790100,36,7571.2
3-return,45.864600,25.789400,37,7626.6
3-return,45.865000,25.787000,38,7817.9
3-return,45.864900,25.786900,39,7831.5
3-return,45.861700,25.785900,40,8196.0
3-return,45.860300,25.784600,41,8381.6
3-return,45.858800,25.782700,42,8604.3
4-depart,45.856608,25.782114,0,0.0
4-depart,45.856357,25.782399,1,35.6
4-depart,45.855952,25.782817,2,91.1
4-depart,45.855478,25.783288,3,155.3
4-depart,45.855416,25.783374,4,164.9
4-depart,45.855398,25.783422,5,169.1
4-depart,45.855373,25.783532,6,178.1
4-depart,45.855269,25.784246,7,234.7
4-depart,45.855141,25.785112,8,303.3
4-depart,45.855000,25.786061,9,378.5
4-depart,45.854921,25.786597,10,421.0
4-depart,45.854565,25.788918,11,605.3
4-depart,45.854515,25.789291,12,634.7
4-depart,45.854401,25.790078,13,697.1
4-depart,45.854377,25.790235,14,709.5
4-depart,45.854313,25.790215,15,716.8
4-depart,45.854377,25.790235,16,724.1
4-depart,45.854369,25.790298,17,729.1
4-depart,45.854184,25.791599,18,832.0
4-depart,45.854165,25.791734,19,842.7
4-depart,45.854154,25.791830,20,850.2
4-depart,45.854145,25.791929,21,858.0
4-depart,45.854147,25.792033,22,866.0
4-depart,45.854153,25.792082,23,869.9
4-depart,45.854164,25.792141,24,874.6
4-depart,45.854190,25.792206,25,880.4
4-depart,45.854220,25.792261,26,885.9
4-depart,45.854342,25.792450,27,905.8
4-depart,45.854671,25.792950,28,959.2
4-depart,45.854784,25.793122,29,977.5
4-depart,45.855241,25.793815,30,1051.5
4-depart,45.855254,25.793835,31,1053.6
4-depart,45.855612,25.793110,32,1122.5
4-depart,45.855706,25.792920,33,1140.6
4-depart,45.855776,25.792776,34,1154.2
4-depart,45.856621,25.791073,35,1316.3
4-depart,45.857144,25.789986,36,1418.8
4-depart,45.857699,25.788756,37,1532.4
4-depart,45.858070,25.787951,38,1607.2
4-depart,45.858106,25.787876,39,1614.3
4-depart,45.858152,25.787792,40,1622.6
4-depart,45.858207,25.787699,41,1632.0
4-depart,45.859302,25.786131,42,1804.2
4-depart,45.859318,25.786107,43,1806.7
4-depart,45.859558,25.785743,44,1845.6
4-depart,45.860247,25.784696,45,1957.3
4-depart,45.860273,25.784655,46,1961.6
4-depart,45.860308,25.784609,47,1966.9
4-depart,45.860624,25.784942,48,2010.5
4-depart,45.861062,25.785370,49,2069.5
4-depart,45.861146,25.785452,50,2080.8
4-depart,45.861563,25.785851,51,2136.6
4-depart,45.861668,25.785931,52,2149.8
4-depart,45.861798,25.786000,53,2165.2
4-depart,45.861916,25.786051,54,2178.9
4-depart,45.862031,25.786089,55,2192.1
4-depart,45.862519,25.786221,56,2247.4
4-depart,45.862613,25.786243,57,2258.0
4-depart,45.863195,25.786398,58,2323.8
4-depart,45.863262,25.786416,59,2331.4
4-depart,45.863353,25.786441,60,2341.7
4-depart,45.863612,25.786513,61,2371.1
4-depart,45.864294,25.786704,62,2448.5
4-depart,45.864625,25.786799,63,2486.0
4-depart,45.864873,25.786878,64,2514.3
4-depart,45.864919,25.786893,65,2519.6
4-depart,45.864955,25.786926,66,2524.3
4-depart,45.864987,25.786965,67,2529.0
4-depart,45.865004,25.787012,68,2533.1
4-depart,45.865007,25.787067,69,2537.4
4-depart,45.865003,25.787131,70,2542.4
4-depart,45.864864,25.787782,71,2595.1
4-depart,45.864778,25.788118,72,2622.9
4-depart,45.864767,25.788168,73,2627.0
4-depart,45.864758,25.788206,74,2630.1
4-depart,45.864725,25.788343,75,2641.3
4-depart,45.864691,25.788490,76,2653.3
4-depart,45.864651,25.788693,77,2669.7
4-depart,45.864606,25.788950,78,2690.2
4-depart,45.864594,25.789037,79,2697.1
4-depart,45.864563,25.789288,80,2716.8
4-depart,45.864550,25.789420,81,2727.2
4-depart,45.864520,25.789955,82,2768.8
4-depart,45.864519,25.789987,83,2771.3
4-depart,45.864516,25.790122,84,2781.7
4-depart,45.864472,25.790901,85,2842.3
4-depart,45.864460,25.791105,86,2858.2
4-depart,45.864377,25.791399,87,2882.8
4-depart,45.864298,25.791686,88,2906.7
4-depart,45.864160,25.792180,89,2948.0
4-depart,45.864130,25.792271,90,2955.8
4-depart,45.864114,25.792316,91,2959.7
4-depart,45.864053,25.792543,92,2978.6
4-depart,45.863867,25.793143,93,3029.5
4-depart,45.863769,25.793458,94,3056.2
4-depart,45.863729,25.793592,95,3067.5
4-depart,45.863701,25.793725,96,3078.3
4-depart,45.863684,25.793845,97,3087.8
4-depart,45.863675,25.793968,98,3097.4
4-depart,45.863671,25.794097,99,3107.4
4-depart,45.863678,25.794223,100,3117.2
4-depart,45.863695,25.794358,101,3127.8
4-depart,45.863933,25.795408,102,3213.4
4-depart,45.863999,25.795683,103,3236.0
4-depart,45.864067,25.795951,104,3258.1
4-depart,45.864101,25.796116,105,3271.4
4-depart,45.864135,25.796260,106,3283.2
4-depart,45.864199,25.796532,107,3305.5
4-depart,45.864206,25.796560,108,3307.8
4-depart,45.864222,25.796637,109,3314.0
4-depart,45.864257,25.796791,110,3326.5
4-depart,45.864273,25.796884,111,3334.0
4-depart,45.864282,25.796959,112,3339.9
4-depart,45.864283,25.797028,113,3345.2
4-depart,45.864280,25.797110,114,3351.6
4-depart,45.864274,25.797205,115,3359.0
4-depart,45.864105,25.798287,116,3444.9
4-depart,45.864097,25.798333,117,3448.6
4-depart,45.863963,25.799153,118,3513.9
4-depart,45.863940,25.799335,119,3528.2
4-depart,45.863624,25.801339,120,3687.5
4-depart,45.863616,25.801396,121,3692.0
4-depart,45.863583,25.801620,122,3709.8
4-depart,45.863560,25.801807,123,3724.5
4-depart,45.863538,25.801997,124,3739.4
4-depart,45.863518,25.802208,125,3755.9
4-depart,45.863501,25.802438,126,3773.9
4-depart,45.863473,25.802896,127,3809.5
4-depart,45.863452,25.803504,128,3856.7
4-depart,45.863431,25.804166,129,3908.1
4-depart,45.863426,25.804354,130,3922.7
4-depart,45.863408,25.805245,131,3991.8
4-depart,45.863400,25.805652,132,4023.3
4-depart,45.863392,25.805922,133,4044.3
4-depart,45.863309,25.806254,134,4071.6
4-depart,45.863286,25.806337,135,4078.5
4-depart,45.863265,25.806414,136,4085.0
4-depart,45.863245,25.806441,137,4088.0
4-depart,45.863230,25.806473,138,4091.0
4-depart,45.863220,25.806521,139,4094.9
4-depart,45.863219,25.806571,140,4098.8
4-depart,45.863230,25.806618,141,4102.6
4-depart,45.863250,25.806660,142,4106.5
4-depart,45.863277,25.806690,143,4110.3
4-depart,45.863297,25.806702,144,4112.8
4-depart,45.863313,25.806829,145,4122.8
4-depart,45.863352,25.807110,146,4145.0
4-depart,45.863350,25.807233,147,4154.5
4-depart,45.863348,25.807276,148,4157.9
4-depart,45.863320,25.807947,149,4210.0
4-depart,45.863309,25.808315,150,4238.5
4-depart,45.863298,25.808564,151,4257.9
4-depart,45.863276,25.809096,152,4299.2
4-depart,45.863267,25.809291,153,4314.3
4-depart,45.863245,25.809687,154,4345.1
4-depart,45.863238,25.809795,155,4353.5
4-depart,45.863212,25.809789,156,4356.5
4-depart,45.863186,25.809795,157,4359.4
4-depart,45.863163,25.809811,158,4362.2
4-depart,45.863144,25.809837,159,4365.2
4-depart,45.863131,25.809870,160,4368.1
4-depart,45.863125,25.809912,161,4371.4
4-depart,45.863130,25.809954,162,4374.7
4-depart,45.863144,25.809991,163,4378.0
4-depart,45.863158,25.810009,164,4380.1
4-depart,45.863166,25.810020,165,4381.3
4-depart,45.863193,25.810036,166,4384.6
4-depart,45.863222,25.810038,167,4387.8
4-depart,45.863251,25.810026,168,4391.2
4-depart,45.863271,25.810007,169,4393.8
4-depart,45.863286,25.809980,170,4396.5
4-depart,45.863296,25.809948,171,4399.2
4-depart,45.863299,25.809913,172,4402.0
4-depart,45.863296,25.809878,173,4404.7
4-depart,45.863287,25.809850,174,4407.1
4-depart,45.863274,25.809826,175,4409.4
4-depart,45.863258,25.809807,176,4411.7
4-depart,45.863238,25.809795,177,4414.2
4-depart,45.863245,25.809687,178,4422.6
4-depart,45.863267,25.809291,179,4453.4
4-depart,45.863276,25.809096,180,4468.5
4-depart,45.862942,25.809055,181,4505.8
4-depart,45.862969,25.808335,182,4561.7
4-depart,45.862957,25.808296,183,4565.0
4-depart,45.862928,25.808268,184,4568.9
4-depart,45.862581,25.808194,185,4608.0
4-depart,45.862156,25.808108,186,4655.8
4-depart,45.861904,25.808022,187,4684.6
4-depart,45.861658,25.807984,188,4712.1
4-depart,45.861641,25.807986,189,4714.0
4-depart,45.861633,25.808011,190,4716.2
4-depart,45.861631,25.808224,191,4732.7
4-depart,45.861624,25.808248,192,4734.7
4-depart,45.861608,25.808257,193,4736.6
4-depart,45.861383,25.808242,194,4761.7
4-depart,45.861356,25.808150,195,4769.4
4-depart,45.861377,25.807574,196,4814.1
4-depart,45.860910,25.807555,197,4866.1
4-depart,45.860123,25.807515,198,4953.8
4-depart,45.859582,25.807454,199,5014.2
4-depart,45.858640,25.807322,200,5119.6
4-depart,45.858596,25.807319,201,5124.5
4-depart,45.858098,25.807253,202,5180.1
4-depart,45.857634,25.807194,203,5232.0
4-depart,45.857527,25.807179,204,5244.0
4-depart,45.856662,25.807046,205,5340.8
4-depart,45.856573,25.807032,206,5350.8
4-depart,45.856550,25.806752,207,5372.6
4-depart,45.856698,25.806665,208,5390.4
4-depart,45.856764,25.806555,209,5401.7
4-depart,45.856698,25.806665,210,5413.0
4-depart,45.856550,25.806752,211,5430.8
4-depart,45.856573,25.807032,212,5452.6
4-depart,45.856494,25.807022,213,5461.4
4-depart,45.856284,25.806973,214,5485.1
4-depart,45.856238,25.807571,215,5531.8
4-depart,45.856143,25.808529,216,5606.8
4-depart,45.856119,25.808773,217,5625.9
4-depart,45.856110,25.808864,218,5633.0
4-depart,45.856041,25.809538,219,5685.8
4-depart,45.856000,25.810353,220,5749.2
4-depart,45.855887,25.812550,221,5920.0
4-depart,45.855856,25.813000,222,5955.1
4-depart,45.855834,25.813603,223,6001.9
4-depart,45.855788,25.814523,224,6073.4
4-depart,45.855778,25.814709,225,6087.8
4-depart,45.855764,25.814959,226,6107.3
4-depart,45.855756,25.815249,227,6129.8
4-depart,45.855698,25.816550,228,6230.9
4-depart,45.855707,25.816783,229,6249.0
4-depart,45.855709,25.816815,230,6251.4
4-depart,45.855721,25.816995,231,6265.5
4-depart,45.855781,25.817255,232,6286.7
4-depart,45.855849,25.817430,233,6302.2
4-depart,45.855947,25.817589,234,6318.7
4-depart,45.856022,25.817654,235,6328.5
4-depart,45.856111,25.817730,236,6340.0
4-depart,45.856230,25.817791,237,6354.0
4-depart,45.856361,25.817835,238,6369.0
4-depart,45.856794,25.817929,239,6417.8
4-depart,45.857570,25.818058,240,6504.7
4-depart,45.858114,25.818157,241,6565.8
4-depart,45.858506,25.818216,242,6609.7
4-depart,45.858581,25.818227,243,6618.0
4-depart,45.859106,25.818311,244,6676.9
4-depart,45.860105,25.818461,245,6788.7
4-depart,45.861093,25.818597,246,6899.2
4-depart,45.861269,25.817313,247,7000.6
4-depart,45.861398,25.817328,248,7015.0
4-depart,45.861269,25.817313,249,7029.4
4-depart,45.861093,25.818597,250,7130.9
4-depart,45.862033,25.818754,251,7236.2
4-depart,45.863022,25.818906,252,7346.9
4-depart,45.865071,25.819200,253,7576.2
4-depart,45.865260,25.819227,254,7597.3
4-depart,45.865223,25.819491,255,7618.2
4-depart,45.865173,25.819836,256,7645.5
4-depart,45.864500,25.824534,257,8017.3
4-depart,45.863825,25.829162,258,8383.9
4-depart,45.863664,25.830316,259,8475.1
4-depart,45.863517,25.831269,260,8550.8
4-depart,45.863389,25.831891,261,8601.0
4-depart,45.863351,25.832017,262,8611.7
4-depart,45.863284,25.832147,263,8624.2
4-depart,45.863217,25.832186,264,8632.3
4-depart,45.863160,25.832251,265,8640.4
4-depart,45.863118,25.832335,266,8648.4
4-depart,45.863094,25.832430,267,8656.2
4-depart,45.863089,25.832530,268,8664.0
4-depart,45.863102,25.832629,269,8671.8
4-depart,45.863131,25.832713,270,8679.1
4-depart,45.863173,25.832785,271,8686.3
4-depart,45.863215,25.832973,272,8701.7
4-depart,45.863223,25.833149,273,8715.3
4-depart,45.863209,25.833287,274,8726.1
4-depart,45.863148,25.833993,275,8781.3
4-depart,45.862716,25.837017,276,9020.6
4-depart,45.862623,25.837623,277,9068.7
4-depart,45.862568,25.837823,278,9085.4
4-depart,45.862549,25.837891,279,9091.0
4-depart,45.862530,25.837899,280,9093.2
4-depart,45.862513,25.837913,281,9095.4
4-depart,45.862499,25.837933,282,9097.6
4-depart,45.862489,25.837957,283,9099.8
4-depart,45.862484,25.837984,284,9102.0
4-depart,45.862484,25.838012,285,9104.1
4-depart,45.862488,25.838040,286,9106.3
4-depart,45.862497,25.838064,287,9108.5
4-depart,45.862511,25.838085,288,9110.7
4-depart,45.862507,25.838370,289,9132.8
4-depart,45.862305,25.839900,290,9253.5
4-depart,45.862239,25.840420,291,9294.5
4-depart,45.862083,25.841464,292,9377.3
4-depart,45.861889,25.841419,293,9399.2
4-depart,45.861953,25.841017,294,9431.1
4-depart,45.861889,25.841419,295,9463.1
4-depart,45.860831,25.841173,296,9582.4
4-depart,45.859969,25.840973,297,9679.6
4-depart,45.859557,25.840877,298,9726.1
4-depart,45.859195,25.840793,299,9766.9
4-depart,45.859346,25.839492,300,9869.1
4-depart,45.859420,25.838933,301,9913.3
4-return,45.859420,25.838933,0,0.0
4-return,45.859346,25.839492,1,44.1
4-return,45.859658,25.839565,2,79.3
4-return,45.860148,25.839681,3,134.6
4-return,45.861767,25.840077,4,317.4
4-return,45.861921,25.840113,5,334.8
4-return,45.862066,25.840148,6,351.1
4-return,45.862132,25.840183,7,359.0
4-return,45.862161,25.840211,8,362.9
4-return,45.862181,25.840243,9,366.2
4-return,45.862208,25.840313,10,372.4
4-return,45.862239,25.840420,11,381.4
4-return,45.862083,25.841464,12,464.2
4-return,45.861889,25.841419,13,486.0
4-return,45.861953,25.841017,14,518.0
4-return,45.861889,25.841419,15,550.0
4-return,45.862083,25.841464,16,571.9
4-return,45.862239,25.840420,17,654.6
4-return,45.862305,25.839900,18,695.6
4-return,45.862507,25.838370,19,816.3
4-return,45.862558,25.838173,20,832.6
4-return,45.862575,25.838108,21,838.0
4-return,45.862596,25.838098,22,840.5
4-return,45.862614,25.838079,23,842.9
4-return,45.862627,25.838053,24,845.4
4-return,45.862635,25.838023,25,847.9
4-return,45.862636,25.837991,26,850.4
4-return,45.862631,25.837960,27,852.9
4-return,45.862620,25.837932,28,855.4
4-return,45.862604,25.837910,29,857.8
4-return,45.862623,25.837623,30,880.2
4-return,45.862716,25.837017,31,928.3
4-return,45.863148,25.833993,32,1167.6
4-return,45.863288,25.833156,33,1234.3
4-return,45.863325,25.833015,34,1246.0
4-return,45.863391,25.832876,35,1259.0
4-return,45.863466,25.832841,36,1267.8
4-return,45.863529,25.832776,37,1276.5
4-return,45.863577,25.832686,38,1285.2
4-return,45.863602,25.832585,39,1293.5
4-return,45.863607,25.832478,40,1301.9
4-return,45.863590,25.832373,41,1310.2
4-return,45.863558,25.832290,42,1317.6
4-return,45.863513,25.832220,43,1325.0
4-return,45.863471,25.832033,44,1340.2
4-return,45.863466,25.831907,45,1350.0
4-return,45.863517,25.831269,46,1399.8
4-return,45.863664,25.830316,47,1475.4
4-return,45.863825,25.829162,48,1566.7
4-return,45.864500,25.824534,49,1933.2
4-return,45.865173,25.819836,50,2305.0
4-return,45.865223,25.819491,51,2332.3
4-return,45.865260,25.819227,52,2353.2
4-return,45.865071,25.819200,53,2374.3
4-return,45.863022,25.818906,54,2603.6
4-return,45.862033,25.818754,55,2714.3
4-return,45.861093,25.818597,56,2819.6
4-return,45.861269,25.817313,57,2921.1
4-return,45.861398,25.817328,58,2935.5
4-return,45.861269,25.817313,59,2949.9
4-return,45.861093,25.818597,60,3051.4
4-return,45.860105,25.818461,61,3161.8
4-return,45.859106,25.818311,62,3273.7
4-return,45.858581,25.818227,63,3332.5
4-return,45.858114,25.818157,64,3384.7
4-return,45.857890,25.818116,65,3409.9
4-return,45.857570,25.818058,66,3445.8
4-return,45.856794,25.817929,67,3532.7
4-return,45.856361,25.817835,68,3581.5
4-return,45.856230,25.817791,69,3596.5
4-return,45.856111,25.817730,70,3610.5
4-return,45.856022,25.817654,71,3622.1
4-return,45.855947,25.817589,72,3631.8
4-return,45.855849,25.817430,73,3648.3
4-return,45.855781,25.817255,74,3663.8
4-return,45.855721,25.816995,75,3685.0
4-return,45.855709,25.816815,76,3699.1
4-return,45.855707,25.816783,77,3701.6
4-return,45.855698,25.816550,78,3719.6
4-return,45.855756,25.815249,79,3820.7
4-return,45.855764,25.814959,80,3843.2
4-return,45.855896,25.814966,81,3857.9
4-return,45.855764,25.814959,82,3872.6
4-return,45.855788,25.814523,83,3906.5
4-return,45.855834,25.813603,84,3978.0
4-return,45.855856,25.813000,85,4024.9
4-return,45.855887,25.812550,86,4059.9
4-return,45.856000,25.810353,87,4230.7
4-return,45.856041,25.809538,88,4294.1
4-return,45.856110,25.808864,89,4346.9
4-return,45.856119,25.808773,90,4354.0
4-return,45.856167,25.808293,91,4391.6
4-return,45.856238,25.807571,92,4448.1
4-return,45.856279,25.807448,93,4458.7
4-return,45.856343,25.807281,94,4473.5
4-return,45.856403,25.807158,95,4485.1
4-return,45.856494,25.807022,96,4499.8
4-return,45.856573,25.807032,97,4508.6
4-return,45.856662,25.807046,98,4518.6
4-return,45.857106,25.807114,99,4568.3
4-return,45.857527,25.807179,100,4615.4
4-return,45.857634,25.807194,101,4627.4
4-return,45.858098,25.807253,102,4679.2
4-return,45.858596,25.807319,103,4734.9
4-return,45.858640,25.807322,104,4739.8
4-return,45.859582,25.807454,105,4845.2
4-return,45.860123,25.807515,106,4905.6
4-return,45.860910,25.807555,107,4993.2
4-return,45.861377,25.807574,108,5045.2
4-return,45.861576,25.807569,109,5067.4
4-return,45.861760,25.807555,110,5087.9
4-return,45.862040,25.807661,111,5120.1
4-return,45.863197,25.807917,112,5250.5
4-return,45.863320,25.807947,113,5264.3
4-return,45.863309,25.808315,114,5292.9
4-return,45.863298,25.808564,115,5312.2
4-return,45.863276,25.809096,116,5353.6
4-return,45.863267,25.809291,117,5368.7
4-return,45.863245,25.809687,118,5399.5
4-return,45.863238,25.809795,119,5407.9
4-return,45.863212,25.809789,120,5410.8
4-return,45.863186,25.809795,121,5413.8
4-return,45.863163,25.809811,122,5416.6
4-return,45.863144,25.809837,123,5419.5
4-return,45.863131,25.809870,124,5422.5
4-return,45.863125,25.809912,125,5425.8
4-return,45.863130,25.809954,126,5429.1
4-return,45.863144,25.809991,127,5432.4
4-return,45.863158,25.810009,128,5434.5
4-return,45.863166,25.810020,129,5435.7
4-return,45.863193,25.810036,130,5438.9
4-return,45.863222,25.810038,131,5442.2
4-return,45.863251,25.810026,132,5445.5
4-return,45.863271,25.810007,133,5448.2
4-return,45.863286,25.809980,134,5450.9
4-return,45.863296,25.809948,135,5453.6
4-return,45.863299,25.809913,136,5456.3
4-return,45.863296,25.809878,137,5459.1
4-return,45.863287,25.809850,138,5461.5
4-return,45.863274,25.809826,139,5463.8
4-return,45.863258,25.809807,140,5466.1
4-return,45.863238,25.809795,141,5468.5
4-return,45.863245,25.809687,142,5476.9
4-return,45.863267,25.809291,143,5507.7
4-return,45.863276,25.809096,144,5522.9
4-return,45.863298,25.808564,145,5564.2
4-return,45.863309,25.808315,146,5583.5
4-return,45.863320,25.807947,147,5612.1
4-return,45.863348,25.807276,148,5664.2
4-return,45.863350,25.807233,149,5667.6
4-return,45.863352,25.807110,150,5677.1
4-return,45.863391,25.806833,151,5699.0
4-return,45.863402,25.806745,152,5705.9
4-return,45.863412,25.806664,153,5712.3
4-return,45.863432,25.806626,154,5716.0
4-return,45.863443,25.806586,155,5719.3
4-return,45.863447,25.806543,156,5722.7
4-return,45.863442,25.806500,157,5726.1
4-return,45.863430,25.806460,158,5729.5
4-return,45.863409,25.806425,159,5733.0
4-return,45.863392,25.805922,160,5772.1
4-return,45.863400,25.805652,161,5793.0
4-return,45.863408,25.805245,162,5824.6
4-return,45.863426,25.804354,163,5893.7
4-return,45.863431,25.804166,164,5908.3
4-return,45.863452,25.803504,165,5959.6
4-return,45.863473,25.802896,166,6006.8
4-return,45.863501,25.802438,167,6042.5
4-return,45.863518,25.802208,168,6060.4
4-return,45.863538,25.801997,169,6076.9
4-return,45.863560,25.801807,170,6091.8
4-return,45.863583,25.801620,171,6106.6
4-return,45.863616,25.801396,172,6124.3
4-return,45.863624,25.801339,173,6128.8
4-return,45.863940,25.799335,174,6288.1
4-return,45.863963,25.799153,175,6302.4
4-return,45.864056,25.798585,176,6347.7
4-return,45.864105,25.798287,177,6371.4
4-return,45.864274,25.797205,178,6457.4
4-return,45.864280,25.797110,179,6464.8
4-return,45.864283,25.797028,180,6471.1
4-return,45.864282,25.796959,181,6476.5
4-return,45.864273,25.796884,182,6482.4
4-return,45.864257,25.796791,183,6489.8
4-return,45.864222,25.796637,184,6502.4
4-return,45.864206,25.796560,185,6508.6
4-return,45.864199,25.796532,186,6510.9
4-return,45.864135,25.796260,187,6533.1
4-return,45.864101,25.796116,188,6544.9
4-return,45.864067,25.795951,189,6558.3
4-return,45.863999,25.795683,190,6580.4
4-return,45.863933,25.795408,191,6602.9
4-return,45.863695,25.794358,192,6688.5
4-return,45.863678,25.794223,193,6699.2
4-return,45.863671,25.794097,194,6709.0
4-return,45.863675,25.793968,195,6719.0
4-return,45.863684,25.793845,196,6728.6
4-return,45.863701,25.793725,197,6738.1
4-return,45.863729,25.793592,198,6748.8
4-return,45.863769,25.793458,199,6760.1
4-return,45.864053,25.792543,200,6837.8
4-return,45.864114,25.792316,201,6856.6
4-return,45.864130,25.792271,202,6860.6
4-return,45.864160,25.792180,203,6868.4
4-return,45.864247,25.791869,204,6894.3
4-return,45.864298,25.791686,205,6909.6
4-return,45.864377,25.791399,206,6933.6
4-return,45.864460,25.791105,207,6958.1
4-return,45.864539,25.790875,208,6978.0
4-return,45.864608,25.790684,209,6994.7
4-return,45.864729,25.790345,210,7024.2
4-return,45.864674,25.790351,211,7030.4
4-return,45.864634,25.790333,212,7035.0
4-return,45.864600,25.790310,213,7039.2
4-return,45.864569,25.790267,214,7044.0
4-return,45.864545,25.790208,215,7049.3
4-return,45.864516,25.790122,216,7056.7
4-return,45.864519,25.789987,217,7067.2
4-return,45.864520,25.789955,218,7069.7
4-return,45.864550,25.789420,219,7111.3
4-return,45.864563,25.789288,220,7121.6
4-return,45.864594,25.789037,221,7141.4
4-return,45.864606,25.788950,222,7148.3
4-return,45.864651,25.788693,223,7168.8
4-return,45.864691,25.788490,224,7185.2
4-return,45.864725,25.788343,225,7197.2
4-return,45.864758,25.788206,226,7208.4
4-return,45.864767,25.788168,227,7211.5
4-return,45.864778,25.788118,228,7215.6
4-return,45.864864,25.787782,229,7243.3
4-return,45.865003,25.787131,230,7296.1
4-return,45.865007,25.787067,231,7301.1
4-return,45.865004,25.787012,232,7305.4
4-return,45.864987,25.786965,233,7309.5
4-return,45.864955,25.786926,234,7314.1
4-return,45.864919,25.786893,235,7318.9
4-return,45.864873,25.786878,236,7324.1
4-return,45.864625,25.786799,237,7352.4
4-return,45.864294,25.786704,238,7390.0
4-return,45.864286,25.786702,239,7390.9
4-return,45.863353,25.786441,240,7496.7
4-return,45.863262,25.786416,241,7507.0
4-return,45.863195,25.786398,242,7514.6
4-return,45.862613,25.786243,243,7580.5
4-return,45.862519,25.786221,244,7591.1
4-return,45.862031,25.786089,245,7646.4
4-return,45.861916,25.786051,246,7659.5
4-return,45.861798,25.786000,247,7673.3
4-return,45.861668,25.785931,248,7688.7
4-return,45.861563,25.785851,249,7701.9
4-return,45.861146,25.785452,250,7757.7
4-return,45.860624,25.784942,251,7828.0
4-return,45.860308,25.784609,252,7871.6
4-return,45.860050,25.784280,253,7910.0
4-return,45.859749,25.783895,254,7954.9
4-return,45.859623,25.783731,255,7973.8
4-return,45.859504,25.783573,256,7991.9
4-return,45.858838,25.782698,257,8092.4
4-return,45.858764,25.782601,258,8103.5
4-return,45.858675,25.782472,259,8117.6
4-return,45.858577,25.782306,260,8134.5
4-return,45.858217,25.781644,261,8199.6
4-return,45.858126,25.781475,262,8216.1
4-return,45.857748,25.780769,263,8285.2
4-return,45.857661,25.780868,264,8297.5
4-return,45.857065,25.781572,265,8383.4
4-return,45.856737,25.781967,266,8431.1
4-return,45.856608,25.782114,267,8449.4
5-depart,45.856800,25.773300,0,0.0
5-depart,45.856700,25.772900,1,32.9
5-depart,45.856700,25.770700,2,203.5
5-depart,45.856900,25.768500,3,375.5
5-depart,45.856500,25.768000,4,434.6
5-depart,45.855400,25.767300,5,568.5
5-depart,45.855100,25.767900,6,625.8
5-depart,45.854600,25.768600,7,703.5
5-depart,45.854400,25.769200,8,755.1
5-depart,45.854200,25.771900,9,965.6
5-depart,45.853900,25.773500,10,1094.1
5-depart,45.854000,25.775400,11,1241.8
5-depart,45.854700,25.778100,12,1465.2
5-depart,45.854700,25.778400,13,1488.4
5-depart,45.855400,25.779000,14,1579.2
5-depart,45.856500,25.779100,15,1701.9
5-depart,45.857000,25.779400,16,1762.2
5-depart,45.858800,25.782600,17,2081.1
5-depart,45.860300,25.784600,18,2309.0
5-depart,45.861600,25.785900,19,2485.3
5-depart,45.862000,25.786100,20,2532.5
5-depart,45.864900,25.786900,21,2861.2
5-depart,45.865000,25.787000,22,2874.8
5-depart,45.864600,25.789000,23,3036.1
5-depart,45.864500,25.791100,24,3199.2
5-depart,45.863700,25.793800,25,3426.7
5-depart,45.863700,25.794400,26,3473.2
5-depart,45.863900,25.795400,27,3553.9
5-depart,45.863800,25.796000,28,3601.7
5-depart,45.863500,25.796200,29,3638.5
5-depart,45.858300,25.796600,30,4218.2
5-depart,45.857700,25.796500,31,4285.4
5-depart,45.857600,25.796300,32,4304.5
5-depart,45.857500,25.796500,33,4323.6
5-depart,45.857600,25.796600,34,4337.2
5-depart,45.857500,25.797800,35,4430.9
5-depart,45.859000,25.798300,36,4602.3
5-depart,45.862100,25.802400,37,5071.5
5-depart,45.862300,25.802700,38,5103.7
5-depart,45.862200,25.802800,39,5117.2
5-depart,45.862300,25.803000,40,5136.3
5-depart,45.863300,25.803900,41,5267.7
5-depart,45.863400,25.804400,42,5308.0
5-depart,45.863400,25.805900,43,5424.3
5-depart,45.863200,25.806500,44,5475.9
5-depart,45.863300,25.807200,45,5531.3
5-depart,45.863200,25.809800,46,5733.1
5-depart,45.863100,25.809800,47,5744.3
5-depart,45.863100,25.810000,48,5759.8
5-depart,45.863300,25.810000,49,5782.0
5-depart,45.863300,25.809900,50,5789.8
5-depart,45.863200,25.809800,51,5803.3
5-depart,45.863400,25.807100,52,6013.8
5-depart,45.863400,25.806500,53,6060.3
5-depart,45.863400,25.804400,54,6223.1
5-depart,45.863600,25.803900,55,6267.8
5-depart,45.864700,25.803300,56,6398.8
5-depart,45.866000,25.801800,57,6584.5
5-depart,45.866400,25.801500,58,6634.7
5-depart,45.868800,25.800900,59,6905.9
5-depart,45.869100,25.801000,60,6940.2
5-depart,45.869700,25.800800,61,7008.7
5-depart,45.875000,25.800800,62,7598.7
5-depart,45.877500,25.801000,63,7877.5
5-depart,45.878400,25.801100,64,7977.9
5-depart,45.879400,25.802000,65,8109.3
5-depart,45.881300,25.803900,66,8367.0
5-depart,45.882300,25.804700,67,8494.4
5-depart,45.882200,25.805100,68,8527.4
5-depart,45.881800,25.806100,69,8616.8
5-depart,45.882200,25.807100,70,8706.1
5-return,45.882200,25.807100,0,0.0
5-return,45.881800,25.806300,1,76.3
5-return,45.881800,25.806100,2,91.8
5-return,45.882200,25.805100,3,181.2
5-return,45.882500,25.804800,4,221.9
5-return,45.882500,25.804600,5,237.4
5-return,45.881600,25.804100,6,344.8
5-return,45.879400,25.802000,7,638.9
5-return,45.878300,25.801100,8,779.8
5-return,45.875000,25.800800,9,1147.9
5-return,45.870700,25.800700,10,1626.6
5-return,45.869500,25.800800,11,1760.4
5-return,45.869100,25.800700,12,1805.6
5-return,45.868800,25.800900,13,1842.4
5-return,45.866400,25.801500,14,2113.6
5-return,45.866000,25.801800,15,2163.9
5-return,45.865100,25.803000,16,2300.6
5-return,45.864600,25.803300,17,2360.9
5-return,45.862900,25.803200,18,2550.3
5-return,45.862700,25.803000,19,2577.4
5-return,45.862500,25.802700,20,2609.6
5-return,45.862300,25.802700,21,2631.9
5-return,45.862300,25.803000,22,2655.1
5-return,45.863300,25.803800,23,2782.6
5-return,45.863400,25.804400,24,2830.4
5-return,45.863400,25.805900,25,2946.7
5-return,45.863200,25.806500,26,2998.2
5-return,45.863300,25.807200,27,3053.6
5-return,45.863200,25.809800,28,3255.5
5-return,45.863100,25.809800,29,3266.6
5-return,45.863100,25.810000,30,3282.1
5-return,45.863300,25.810000,31,3304.4
5-return,45.863300,25.809900,32,3312.2
5-return,45.863200,25.809800,33,3325.7
5-return,45.863400,25.807100,34,3536.2
5-return,45.863400,25.806500,35,3582.7
5-return,45.863400,25.805900,36,3629.2
5-return,45.863500,25.802400,37,3900.8
5-return,45.863700,25.802200,38,3927.9
5-return,45.863900,25.802100,39,3951.5
5-return,45.864400,25.802500,40,4015.2
5-return,45.864500,25.803000,41,4055.5
5-return,45.864200,25.803200,42,4092.3
5-return,45.863800,25.803200,43,4136.9
5-return,45.863600,25.803300,44,4160.4
5-return,45.862800,25.803100,45,4250.8
5-return,45.862500,25.802700,46,4296.4
5-return,45.862300,25.802700,47,4318.7
5-return,45.859000,25.798300,48,4820.0
5-return,45.857500,25.797800,49,4991.4
5-return,45.857600,25.796600,50,5085.1
5-return,45.857700,25.796500,51,5098.7
5-return,45.857600,25.796300,52,5117.7
5-return,45.857900,25.794800,53,5238.7
5-return,45.858600,25.793200,54,5385.2
5-return,45.859400,25.791700,55,5531.7
5-return,45.860500,25.790700,56,5676.6
5-return,45.861000,25.790700,57,5732.3
5-return,45.861200,25.791100,58,5770.5
5-return,45.862600,25.790700,59,5929.4
5-return,45.862200,25.789500,60,6032.5
5-return,45.862100,25.788800,61,6087.9
5-return,45.862600,25.786200,62,6297.0
5-return,45.863200,25.786400,63,6365.6
5-return,45.863600,25.783800,64,6572.0
5-return,45.863300,25.783700,65,6606.3
5-return,45.862900,25.784100,66,6660.5
5-return,45.862700,25.784000,67,6684.1
5-return,45.861600,25.782000,68,6881.7
5-return,45.860900,25.781400,69,6972.4
5-return,45.858700,25.778200,70,7321.0
5-return,45.858700,25.777800,71,7352.0
5-return,45.858800,25.777400,72,7385.0
5-return,45.860300,25.773100,73,7757.8
5-return,45.860200,25.772700,74,7790.8
5-return,45.860000,25.772600,75,7814.3
5-return,45.859700,25.772600,76,7847.7
5-return,45.859200,25.773300,77,7925.5
5-return,45.858100,25.774000,78,8059.4
5-return,45.857500,25.773900,79,8126.6
5-return,45.856900,25.773600,80,8197.4
5-return,45.856800,25.773300,81,8223.2
5D-depart,45.856800,25.773300,0,0.0
5D-depart,45.856700,25.772900,1,32.9
5D-depart,45.856700,25.770700,2,203.5
5D-depart,45.856900,25.768500,3,375.5
5D-depart,45.856500,25.768000,4,434.6
5D-depart,45.855400,25.767300,5,568.5
5D-depart,45.855100,25.767900,6,625.8
5D-depart,45.854600,25.768600,7,703.5
5D-depart,45.854400,25.769200,8,755.1
5D-depart,45.854200,25.771900,9,965.6
5D-depart,45.853900,25.773500,10,1094.1
5D-depart,45.854000,25.775400,11,1241.8
5D-depart,45.854700,25.778100,12,1465.2
5D-depart,45.854700,25.778400,13,1488.4
5D-depart,45.855400,25.779000,14,1579.2
5D-depart,45.856500,25.779100,15,1701.9
5D-depart,45.857000,25.779400,16,1762.2
5D-depart,45.858800,25.782600,17,2081.1
5D-depart,45.860300,25.784600,18,2309.0
5D-depart,45.861600,25.785900,19,2485.3
5D-depart,45.862000,25.786100,20,2532.5
5D-depart,45.864900,25.786900,21,2861.2
5D-depart,45.865000,25.787100,22,2880.3
5D-depart,45.864600,25.789000,23,3034.2
5D-depart,45.864500,25.791100,24,3197.3
5D-depart,45.863700,25.793800,25,3424.8
5D-depart,45.863700,25.794400,26,3471.3
5D-depart,45.863900,25.795400,27,3552.0
5D-depart,45.863800,25.796000,28,3599.8
5D-depart,45.863500,25.796200,29,3636.6
5D-depart,45.858300,25.796600,30,4216.3
5D-depart,45.857700,25.796500,31,4283.5
5D-depart,45.857600,25.796300,32,4302.6
5D-depart,45.857500,25.796500,33,4321.7
5D-depart,45.857600,25.796600,34,4335.3
5D-depart,45.857500,25.797800,35,4429.0
5D-depart,45.859000,25.798300,36,4600.4
5D-depart,45.862100,25.802400,37,5069.6
5D-depart,45.862300,25.802700,38,5101.8
5D-depart,45.862200,25.802800,39,5115.3
5D-depart,45.862300,25.803000,40,5134.4
5D-depart,45.863300,25.803900,41,5265.8
5D-depart,45.863400,25.804400,42,5306.1
5D-depart,45.863400,25.805900,43,5422.4
5D-depart,45.863200,25.806600,44,5481.0
5D-depart,45.863300,25.807200,45,5528.9
5D-depart,45.863200,25.809800,46,5730.7
5D-depart,45.863100,25.809900,47,5744.3
5D-depart,45.863200,25.810000,48,5757.9
5D-depart,45.863300,25.810000,49,5769.0
5D-depart,45.863400,25.807100,50,5994.1
5D-depart,45.863400,25.806500,51,6040.6
5D-depart,45.863400,25.806400,52,6048.3
5D-depart,45.862800,25.806900,53,6125.6
5D-depart,45.861800,25.807600,54,6249.4
5D-depart,45.860100,25.807500,55,6438.8
5D-depart,45.857500,25.807200,56,6729.2
5D-depart,45.857400,25.806900,57,6755.0
5D-depart,45.857100,25.806800,58,6789.2
5D-depart,45.857000,25.806500,59,6815.0
5D-depart,45.856800,25.806500,60,6837.3
5D-depart,45.856500,25.806800,61,6878.0
5D-depart,45.856600,25.807000,62,6897.1
5D-depart,45.856300,25.807000,63,6930.5
5D-depart,45.856000,25.809500,64,7127.2
5D-depart,45.855700,25.816500,65,7670.9
5D-depart,45.855800,25.817300,66,7733.9
5D-depart,45.855900,25.817600,67,7759.7
5D-depart,45.856200,25.817800,68,7796.5
5D-depart,45.856800,25.817900,69,7863.8
5D-depart,45.865300,25.819200,70,8815.3
5D-depart,45.863500,25.831300,71,9774.5
5D-depart,45.863400,25.832000,72,9829.9
5D-depart,45.863100,25.832400,73,9875.4
5D-depart,45.863200,25.833100,74,9930.8
5D-depart,45.863100,25.834000,75,10001.5
5D-depart,45.862600,25.837600,76,10286.1
5D-depart,45.862500,25.838000,77,10319.0
5D-depart,45.862500,25.838400,78,10350.0
5D-depart,45.862300,25.839900,79,10468.4
5D-depart,45.862200,25.840100,80,10487.5
5D-depart,45.861900,25.840100,81,10520.9
5D-depart,45.861800,25.840700,82,10568.7
5D-depart,45.862000,25.840800,83,10592.3
5D-depart,45.861900,25.841500,84,10647.7
5D-depart,45.859200,25.840800,85,10953.1
5D-depart,45.859400,25.838900,86,11102.1
5D-return,45.859400,25.838900,0,0.0
5D-return,45.859300,25.839500,1,47.8
5D-return,45.861900,25.840100,2,341.0
5D-return,45.861800,25.840700,3,388.8
5D-return,45.862000,25.840800,4,412.4
5D-return,45.861900,25.841500,5,467.8
5D-return,45.862100,25.841500,6,490.0
5D-return,45.863300,25.833200,7,1147.2
5D-return,45.863600,25.832600,8,1204.4
5D-return,45.863500,25.832000,9,1252.3
5D-return,45.863500,25.831300,10,1306.5
5D-return,45.865300,25.819200,11,2265.7
5D-return,45.856400,25.817800,12,3262.3
5D-return,45.855900,25.817600,13,3320.1
5D-return,45.855700,25.817000,14,3371.7
5D-return,45.856000,25.809500,15,3954.1
5D-return,45.856200,25.807600,16,4103.1
5D-return,45.856400,25.807200,17,4141.3
5D-return,45.856500,25.807000,18,4160.4
5D-return,45.860100,25.807500,19,4563.0
5D-return,45.861600,25.807600,20,4730.2
5D-return,45.861900,25.807500,21,4764.4
5D-return,45.863000,25.806900,22,4895.4
5D-return,45.863200,25.806900,23,4917.7
5D-return,45.863300,25.807200,24,4943.5
5D-return,45.863200,25.809800,25,5145.3
5D-return,45.863100,25.809900,26,5158.9
5D-return,45.863300,25.810000,27,5182.5
5D-return,45.863400,25.807100,28,5407.6
5D-return,45.863400,25.806500,29,5454.1
5D-return,45.863400,25.805900,30,5500.6
5D-return,45.863500,25.802400,31,5772.1
5D-return,45.863700,25.802100,32,5804.3
5D-return,45.864000,25.802100,33,5837.7
5D-return,45.864400,25.802500,34,5892.0
5D-return,45.864500,25.803000,35,5932.3
5D-return,45.864200,25.803200,36,5969.1
5D-return,45.863800,25.803200,37,6013.7
5D-return,45.863600,25.803300,38,6037.2
5D-return,45.862800,25.803100,39,6127.6
5D-return,45.862500,25.802700,40,6173.2
5D-return,45.862300,25.802700,41,6195.5
5D-return,45.859000,25.798300,42,6696.8
5D-return,45.857500,25.797800,43,6868.2
5D-return,45.857600,25.796600,44,6961.9
5D-return,45.857700,25.796500,45,6975.5
5D-return,45.857600,25.796300,46,6994.5
5D-return,45.857900,25.794800,47,7115.5
5D-return,45.858600,25.793200,48,7262.0
5D-return,45.859400,25.791700,49,7408.5
5D-return,45.860500,25.790700,50,7553.4
5D-return,45.861000,25.790700,51,7609.1
5D-return,45.861200,25.791100,52,7647.3
5D-return,45.862600,25.790700,53,7806.2
5D-return,45.862200,25.789500,54,7909.3
5D-return,45.862100,25.788800,55,7964.7
5D-return,45.862600,25.786200,56,8173.8
5D-return,45.863200,25.786400,57,8242.4
5D-return,45.863600,25.783900,58,8441.2
5D-return,45.863500,25.783700,59,8460.3
5D-return,45.863300,25.783700,60,8482.6
5D-return,45.862900,25.784100,61,8536.8
5D-return,45.862700,25.784000,62,8560.4
5D-return,45.861600,25.782000,63,8758.0
5D-return,45.860900,25.781400,64,8848.7
5D-return,45.858700,25.778200,65,9197.3
5D-return,45.858700,25.777800,66,9228.3
5D-return,45.858800,25.777400,67,9261.3
5D-return,45.860300,25.773100,68,9634.1
5D-return,45.860200,25.772700,69,9667.1
5D-return,45.860000,25.772600,70,9690.6
5D-return,45.859700,25.772600,71,9724.0
5D-return,45.859200,25.773300,72,9801.8
5D-return,45.858100,25.774000,73,9935.7
5D-return,45.857500,25.773900,74,10002.9
5D-return,45.856900,25.773600,75,10073.7
5D-return,45.856800,25.773300,76,10099.5
6-depart,45.868000,25.779200,0,0.0
6-depart,45.864300,25.778400,1,416.5
6-depart,45.865000,25.770300,2,1049.2
6-depart,45.862200,25.769800,3,1363.3
6-depart,45.861700,25.769800,4,1419.0
6-depart,45.861400,25.770000,5,1455.8
6-depart,45.858800,25.777400,6,2098.4
6-depart,45.858700,25.778100,7,2153.8
6-depart,45.858900,25.778600,8,2198.5
6-depart,45.860900,25.781400,9,2509.4
6-depart,45.861600,25.782000,10,2600.2
6-depart,45.862800,25.784300,11,2823.0
6-depart,45.862900,25.784300,12,2834.1
6-depart,45.863200,25.783700,13,2891.4
6-depart,45.863600,25.783800,14,2936.6
6-depart,45.863200,25.786400,15,3143.0
6-depart,45.865000,25.787000,16,3348.7
6-depart,45.864600,25.789000,17,3510.0
6-depart,45.864500,25.791100,18,3673.1
6-depart,45.864700,25.790300,19,3739.0
6-depart,45.865800,25.789600,20,3873.0
6-depart,45.866200,25.788300,21,3983.1
6-depart,45.866500,25.787800,22,4034.3
6-depart,45.868600,25.787100,23,4274.3
6-depart,45.869300,25.786600,24,4361.3
6-depart,45.871200,25.789000,25,4643.0
6-depart,45.871300,25.789200,26,4662.1
6-depart,45.874200,25.791700,27,5038.6
6-depart,45.872400,25.795700,28,5407.7
6-depart,45.871700,25.795400,29,5489.1
6-depart,45.868900,25.792800,30,5860.2
6-depart,45.868000,25.795500,31,6092.3
6-depart,45.867800,25.795800,32,6124.4
6-depart,45.866600,25.796000,33,6258.9
6-depart,45.864100,25.796100,34,6537.3
6-depart,45.864300,25.797200,35,6625.5
6-depart,45.863600,25.801600,36,6975.3
6-depart,45.863400,25.801900,37,7007.5
6-depart,45.862600,25.802300,38,7101.8
6-depart,45.862300,25.802700,39,7147.4
6-depart,45.862300,25.802900,40,7162.9
6-depart,45.862500,25.803100,41,7190.0
6-depart,45.863000,25.803200,42,7246.2
6-depart,45.864600,25.803300,43,7424.5
6-depart,45.865100,25.803000,44,7484.8
6-depart,45.866000,25.801800,45,7621.6
6-depart,45.866400,25.801500,46,7671.8
6-depart,45.868800,25.800900,47,7943.0
6-depart,45.869100,25.801000,48,7977.3
6-depart,45.869500,25.800800,49,8024.4
6-depart,45.869800,25.800700,50,8058.7
6-depart,45.875000,25.800800,51,8637.6
6-depart,45.878200,25.801000,52,8994.2
6-depart,45.879100,25.801600,53,9104.6
6-depart,45.881300,25.803900,54,9407.5
6-depart,45.882300,25.804700,55,9534.9
6-depart,45.882200,25.805100,56,9567.9
6-depart,45.881800,25.806100,57,9657.3
6-depart,45.882200,25.807100,58,9746.6
6-return,45.882200,25.807100,0,0.0
6-return,45.881800,25.806300,1,76.3
6-return,45.881800,25.806100,2,91.8
6-return,45.882200,25.805100,3,181.2
6-return,45.882500,25.804800,4,221.9
6-return,45.882500,25.804600,5,237.4
6-return,45.881600,25.804100,6,344.8
6-return,45.879100,25.801600,7,683.9
6-return,45.878200,25.801000,8,794.4
6-return,45.875000,25.800800,9,1150.9
6-return,45.870700,25.800700,10,1629.7
6-return,45.869500,25.800800,11,1763.5
6-return,45.869100,25.800700,12,1808.7
6-return,45.868800,25.800900,13,1845.5
6-return,45.866400,25.801500,14,2116.7
6-return,45.866000,25.801800,15,2166.9
6-return,45.865200,25.802800,16,2285.0
6-return,45.864700,25.803300,17,2352.8
6-return,45.864500,25.803100,18,2379.9
6-return,45.864400,25.802400,19,2435.3
6-return,45.863800,25.801900,20,2512.5
6-return,45.863600,25.801400,21,2557.2
6-return,45.864400,25.796600,22,2939.8
6-return,45.864600,25.796200,23,2978.0
6-return,45.864700,25.796100,24,2991.6
6-return,45.867100,25.795900,25,3259.2
6-return,45.867800,25.795800,26,3337.5
6-return,45.868000,25.795500,27,3369.7
6-return,45.868900,25.792800,28,3601.7
6-return,45.871700,25.795400,29,3972.9
6-return,45.872400,25.795700,30,4054.2
6-return,45.874200,25.791700,31,4423.4
6-return,45.871500,25.789400,32,4772.8
6-return,45.871300,25.789200,33,4800.0
6-return,45.871400,25.789000,34,4819.0
6-return,45.871100,25.788900,35,4853.3
6-return,45.870300,25.788000,36,4966.4
6-return,45.869300,25.786700,37,5116.6
6-return,45.868600,25.787100,38,5200.5
6-return,45.867700,25.787400,39,5303.3
6-return,45.867800,25.786400,40,5381.6
6-return,45.866600,25.785800,41,5523.1
6-return,45.863100,25.784500,42,5925.5
6-return,45.862900,25.784100,43,5963.7
6-return,45.862600,25.783900,44,6000.5
6-return,45.861600,25.782000,45,6185.1
6-return,45.860900,25.781400,46,6275.9
6-return,45.858900,25.778600,47,6586.8
6-return,45.858700,25.778200,48,6625.0
6-return,45.858700,25.777900,49,6648.3
6-return,45.858800,25.777400,50,6688.6
6-return,45.859600,25.775200,51,6881.0
6-return,45.864200,25.778400,52,7450.0
6-return,45.867100,25.779000,53,7776.2
7-depart,45.868000,25.779200,0,0.0
7-depart,45.864200,25.778400,1,427.5
7-depart,45.859600,25.775200,2,996.5
7-depart,45.858800,25.777400,3,1188.9
7-depart,45.858700,25.778000,4,1236.8
7-depart,45.858800,25.778500,5,1277.1
7-depart,45.859600,25.779600,6,1400.4
7-depart,45.858200,25.781600,7,1620.2
7-depart,45.857700,25.780800,8,1703.6
7-depart,45.855500,25.783300,9,2015.9
7-depart,45.855400,25.783500,10,2035.0
7-depart,45.854100,25.791900,11,2702.1
7-depart,45.854200,25.792300,12,2735.1
7-depart,45.855300,25.793800,13,2904.0
7-depart,45.858100,25.788000,14,3451.1
7-depart,45.860400,25.790700,15,3781.8
7-depart,45.859400,25.791700,16,3917.5
7-depart,45.858600,25.793200,17,4063.9
7-depart,45.857800,25.795000,18,4229.5
7-depart,45.857600,25.796300,19,4332.7
7-depart,45.857500,25.796400,20,4346.3
7-depart,45.857600,25.796600,21,4365.4
7-depart,45.857700,25.796500,22,4378.9
7-depart,45.858300,25.796600,23,4446.2
7-depart,45.864100,25.796100,24,5093.0
7-depart,45.864300,25.797200,25,5181.1
7-depart,45.863500,25.802200,26,5578.8
7-depart,45.863400,25.805900,27,5865.9
7-depart,45.863200,25.806500,28,5917.4
7-depart,45.863400,25.807100,29,5969.0
7-depart,45.863200,25.809800,30,6179.5
7-depart,45.863100,25.809900,31,6193.0
7-depart,45.863200,25.810000,32,6206.6
7-return,45.863200,25.810000,0,0.0
7-return,45.863300,25.809900,1,13.6
7-return,45.863200,25.809800,2,27.1
7-return,45.863400,25.807100,3,237.6
7-return,45.863400,25.806500,4,284.1
7-return,45.863400,25.805900,5,330.6
7-return,45.863500,25.802200,6,617.7
7-return,45.864300,25.797200,7,1015.4
7-return,45.864100,25.796100,8,1103.5
7-return,45.858300,25.796600,9,1750.3
7-return,45.857700,25.796500,10,1817.6
7-return,45.857600,25.796300,11,1836.7
7-return,45.857800,25.795000,12,1939.9
7-return,45.858000,25.794400,13,1991.4
7-return,45.859200,25.792000,14,2220.5
7-return,45.859600,25.791400,15,2284.9
7-return,45.860500,25.790700,16,2398.8
7-return,45.861000,25.790700,17,2454.5
7-return,45.861200,25.791100,18,2492.7
7-return,45.862600,25.790700,19,2651.6
7-return,45.862200,25.789500,20,2754.7
7-return,45.862100,25.788900,21,2802.5
7-return,45.862600,25.786200,22,3019.1
7-return,45.861700,25.785900,23,3122.0
7-return,45.860600,25.784900,24,3266.9
7-return,45.858800,25.782600,25,3535.1
7-return,45.858200,25.781600,26,3637.4
7-return,45.859600,25.779600,27,3857.3
7-return,45.858800,25.778400,28,3986.1
7-return,45.858700,25.777700,29,4041.5
7-return,45.859600,25.775200,30,4259.6
7-return,45.864200,25.778400,31,4828.6
7-return,45.867100,25.779000,32,5154.8
9-depart,45.863200,25.810000,0,0.0
9-depart,45.863300,25.809900,1,13.6
9-depart,45.863200,25.809800,2,27.1
9-depart,45.863400,25.807100,3,237.6
9-depart,45.863400,25.806500,4,284.1
9-depart,45.863400,25.805900,5,330.6
9-depart,45.863500,25.802200,6,617.7
9-depart,45.864300,25.797000,7,1030.5
9-depart,45.863700,25.794100,8,1265.0
9-depart,45.863700,25.793600,9,1303.8
9-depart,45.864100,25.792300,10,1414.0
9-depart,45.863500,25.791900,11,1487.6
9-depart,45.862700,25.791100,12,1596.1
9-depart,45.862300,25.789900,13,1699.2
9-depart,45.862100,25.789100,14,1765.1
9-depart,45.862200,25.788600,15,1805.5
9-depart,45.862600,25.786200,16,1996.8
9-depart,45.865000,25.787000,17,2271.0
9-depart,45.864600,25.789000,18,2432.3
9-depart,45.864500,25.791100,19,2595.5
9-depart,45.864700,25.790300,20,2661.4
9-depart,45.865800,25.789600,21,2795.3
9-depart,45.866200,25.788300,22,2905.5
9-depart,45.866500,25.787800,23,2956.7
9-depart,45.868600,25.787100,24,3196.7
9-depart,45.869200,25.786700,25,3270.3
9-depart,45.869400,25.786700,26,3292.6
9-depart,45.871300,25.789200,27,3579.4
9-depart,45.871400,25.788900,28,3605.2
9-depart,45.871800,25.787900,29,3694.6
9-depart,45.871900,25.785300,30,3896.4
9-depart,45.872300,25.782800,31,4095.2
9-depart,45.874000,25.779900,32,4389.1
9-depart,45.874100,25.779500,33,4422.0
9-depart,45.875500,25.762000,34,5787.2
9-depart,45.874700,25.759600,35,5993.5
9-depart,45.874600,25.758900,36,6048.9
9-depart,45.874700,25.755900,37,6281.6
9-depart,45.874900,25.753600,38,6461.3
9-depart,45.874800,25.752500,39,6547.3
9-depart,45.874600,25.751600,40,6620.5
9-depart,45.874400,25.750800,41,6686.4
9-depart,45.874000,25.747400,42,6953.6
9-depart,45.873300,25.743900,43,7235.9
9-depart,45.873100,25.743400,44,7280.6
9-depart,45.872400,25.742200,45,7401.9
9-depart,45.872300,25.741900,46,7427.7
9-depart,45.872300,25.740900,47,7505.2
9-depart,45.872600,25.739600,48,7611.3
9-depart,45.872700,25.739300,49,7637.1
9-depart,45.873100,25.739000,50,7687.3
9-depart,45.873900,25.737800,51,7816.1
9-depart,45.875000,25.737000,52,7953.4
9-depart,45.875300,25.736700,53,7994.1
9-depart,45.875800,25.735600,54,8095.9
9-depart,45.876000,25.735400,55,8123.0
9-depart,45.876300,25.735300,56,8157.3
9-depart,45.877800,25.735500,57,8325.0
9-depart,45.877900,25.735400,58,8338.5
9-depart,45.878000,25.735000,59,8371.5
9-depart,45.878000,25.734600,60,8402.5
9-depart,45.877400,25.733600,61,8504.8
9-depart,45.877200,25.733200,62,8543.0
9-depart,45.877300,25.732500,63,8598.3
9-depart,45.877700,25.731900,64,8662.7
9-depart,45.877800,25.731800,65,8676.3
9-depart,45.879800,25.731100,66,8905.4
9-depart,45.881000,25.731500,67,9042.6
9-depart,45.881300,25.731700,68,9079.4
9-depart,45.881800,25.732200,69,9147.2
9-depart,45.882600,25.732400,70,9237.6
9-depart,45.883600,25.732400,71,9348.9
9-depart,45.885000,25.731900,72,9509.5
9-depart,45.885600,25.730700,73,9624.0
9-depart,45.885700,25.730100,74,9671.8
9-depart,45.885700,25.729500,75,9718.3
9-depart,45.885300,25.728700,76,9794.6
9-depart,45.885300,25.728200,77,9833.4
9-depart,45.887400,25.724600,78,10197.3
9-depart,45.888200,25.723700,79,10310.4
9-depart,45.889100,25.722400,80,10452.5
9-depart,45.889900,25.721400,81,10570.6
9-depart,45.890400,25.720400,82,10666.0
9-depart,45.890800,25.720200,83,10713.1
9-depart,45.891200,25.719200,84,10802.5
9-depart,45.892000,25.718300,85,10915.6
9-depart,45.892500,25.717500,86,10998.9
9-depart,45.892800,25.717500,87,11032.3
9-depart,45.893400,25.718200,88,11118.3
9-depart,45.893600,25.718000,89,11145.5
9-depart,45.894600,25.715200,90,11389.3
9-depart,45.894500,25.714800,91,11422.2
9-depart,45.894100,25.714100,92,11492.4
9-depart,45.894000,25.713800,93,11518.2
9-depart,45.894400,25.712100,94,11657.2
9-depart,45.894400,25.711500,95,11703.7
9-depart,45.894500,25.711400,96,11717.2
9-depart,45.895200,25.711900,97,11804.3
9-depart,45.895800,25.711900,98,11871.1
9-depart,45.896200,25.711700,99,11918.2
9-depart,45.896800,25.711000,100,12004.2
9-depart,45.897000,25.710600,101,12042.4
9-depart,45.897100,25.709300,102,12143.7
9-depart,45.896800,25.707100,103,12317.4
9-return,45.896800,25.707100,0,0.0
9-return,45.897100,25.709300,1,173.7
9-return,45.897000,25.710600,2,275.0
9-return,45.896800,25.711000,3,313.2
9-return,45.896200,25.711700,4,399.2
9-return,45.895800,25.711900,5,446.4
9-return,45.895200,25.711900,6,513.1
9-return,45.894500,25.711400,7,600.2
9-return,45.894400,25.711500,8,613.7
9-return,45.894400,25.712100,9,660.2
9-return,45.894000,25.713800,10,799.2
9-return,45.894100,25.714100,11,825.0
9-return,45.894500,25.714800,12,895.2
9-return,45.894600,25.715200,13,928.1
9-return,45.893600,25.718000,14,1172.0
9-return,45.893400,25.718200,15,1199.1
9-return,45.892800,25.717500,16,1285.1
9-return,45.892500,25.717500,17,1318.5
9-return,45.892000,25.718300,18,1401.8
9-return,45.891200,25.719200,19,1514.9
9-return,45.890800,25.720200,20,1604.3
9-return,45.890400,25.720400,21,1651.4
9-return,45.889900,25.721400,22,1746.8
9-return,45.889100,25.722400,23,1864.9
9-return,45.888200,25.723700,24,2007.0
9-return,45.887400,25.724600,25,2120.1
9-return,45.885300,25.728200,26,2484.0
9-return,45.885300,25.728700,27,2522.8
9-return,45.885700,25.729500,28,2599.1
9-return,45.885700,25.730100,29,2645.6
9-return,45.885600,25.730700,30,2693.4
9-return,45.885000,25.731900,31,2807.9
9-return,45.883600,25.732400,32,2968.5
9-return,45.882600,25.732400,33,3079.8
9-return,45.881800,25.732200,34,3170.2
9-return,45.881300,25.731700,35,3238.0
9-return,45.881000,25.731500,36,3274.8
9-return,45.879800,25.731100,37,3412.0
9-return,45.877800,25.731800,38,3641.1
9-return,45.877700,25.731900,39,3654.7
9-return,45.877300,25.732500,40,3719.1
9-return,45.877200,25.733200,41,3774.4
9-return,45.877400,25.733600,42,3812.6
9-return,45.878000,25.734600,43,3914.9
9-return,45.878000,25.735000,44,3945.9
9-return,45.877900,25.735400,45,3978.9
9-return,45.877800,25.735500,46,3992.4
9-return,45.876300,25.735300,47,4160.1
9-return,45.876000,25.735400,48,4194.4
9-return,45.875800,25.735600,49,4221.5
9-return,45.875300,25.736700,50,4323.4
9-return,45.875000,25.737000,51,4364.0
9-return,45.873900,25.737800,52,4501.3
9-return,45.873100,25.739000,53,4630.1
9-return,45.872700,25.739300,54,4680.3
9-return,45.872600,25.739600,55,4706.1
9-return,45.872300,25.740900,56,4812.2
9-return,45.872300,25.741900,57,4889.7
9-return,45.872400,25.742200,58,4915.5
9-return,45.873100,25.743400,59,5036.9
9-return,45.873300,25.743900,60,5081.5
9-return,45.874000,25.747400,61,5363.8
9-return,45.874400,25.750800,62,5631.0
9-return,45.874600,25.751600,63,5696.9
9-return,45.874800,25.752500,64,5770.1
9-return,45.874900,25.753600,65,5856.1
9-return,45.874700,25.755900,66,6035.8
9-return,45.874600,25.758900,67,6268.5
9-return,45.874700,25.759600,68,6323.9
9-return,45.875500,25.762000,69,6530.2
9-return,45.874100,25.779500,70,7895.4
9-return,45.874000,25.779900,71,7928.3
9-return,45.872300,25.782800,72,8222.2
9-return,45.871900,25.785300,73,8421.0
9-return,45.871800,25.787900,74,8622.8
9-return,45.871400,25.789000,75,8719.0
9-return,45.871100,25.788900,76,8753.3
9-return,45.870300,25.788000,77,8866.4
9-return,45.869300,25.786700,78,9016.6
9-return,45.868600,25.787100,79,9100.4
9-return,45.867700,25.787400,80,9203.3
9-return,45.867800,25.786400,81,9281.6
9-return,45.866600,25.785800,82,9423.0
9-return,45.863100,25.784500,83,9825.5
9-return,45.863000,25.784300,84,9844.6
9-return,45.863000,25.784100,85,9860.1
9-return,45.863200,25.783700,86,9898.2
9-return,45.863500,25.783700,87,9931.6
9-return,45.863600,25.783800,88,9945.2
9-return,45.863200,25.786400,89,10151.6
9-return,45.864900,25.786900,90,10344.8
9-return,45.865000,25.787100,91,10363.9
9-return,45.864600,25.789000,92,10517.7
9-return,45.864500,25.791100,93,10680.9
9-return,45.863700,25.793800,94,10908.4
9-return,45.863700,25.794400,95,10954.9
9-return,45.864300,25.797000,96,11167.2
9-return,45.863500,25.802200,97,11580.0
9-return,45.863400,25.805900,98,11867.1
9-return,45.863200,25.806500,99,11918.6
9-return,45.863400,25.807100,100,11970.2
9-return,45.863200,25.809800,101,12180.7
9-return,45.863100,25.809900,102,12194.3
9-return,45.863200,25.810000,103,12207.8
10-depart,45.863600,25.786500,0,0.0
10-depart,45.864900,25.786900,1,148.0
10-depart,45.865000,25.787100,2,167.1
10-depart,45.864600,25.789000,3,321.0
10-depart,45.864500,25.791100,4,484.1
10-depart,45.863700,25.793800,5,711.6
10-depart,45.863700,25.794400,6,758.1
10-depart,45.864100,25.796100,7,897.2
10-depart,45.866600,25.796000,8,1175.6
10-depart,45.867800,25.795800,9,1310.1
10-depart,45.868000,25.795500,10,1342.3
10-depart,45.868900,25.792800,11,1574.3
10-depart,45.871800,25.795500,12,1959.0
10-depart,45.874200,25.796500,13,2237.2
10-depart,45.875800,25.797700,14,2438.2
10-depart,45.876800,25.798700,15,2573.8
10-depart,45.876900,25.798400,16,2599.6
10-depart,45.878000,25.797000,17,2763.2
10-depart,45.879200,25.797100,18,2897.0
10-depart,45.879800,25.797300,19,2965.6
10-depart,45.880800,25.797900,20,3086.2
10-depart,45.882600,25.799500,21,3321.8
10-depart,45.883300,25.800000,22,3408.9
10-depart,45.883900,25.800200,23,3477.4
10-depart,45.884700,25.800100,24,3566.8
10-depart,45.885300,25.799900,25,3635.4
10-depart,45.887200,25.798700,26,3866.4
10-depart,45.889200,25.796700,27,4137.7
10-depart,45.891100,25.796300,28,4351.5
10-depart,45.892200,25.795700,29,4482.4
10-depart,45.893900,25.795100,30,4677.3
10-depart,45.894200,25.794800,31,4718.0
10-depart,45.895400,25.792800,32,4922.6
10-depart,45.896200,25.791700,33,5045.8
10-depart,45.896900,25.790300,34,5179.4
10-depart,45.897900,25.787000,35,5458.2
10-depart,45.898100,25.785900,36,5546.3
10-depart,45.898600,25.784700,37,5654.7
10-depart,45.898700,25.782800,38,5802.3
10-depart,45.899100,25.780800,39,5963.5
10-depart,45.899500,25.779900,40,6046.2
10-depart,45.899600,25.779000,41,6116.8
10-depart,45.899700,25.779000,42,6128.0
10-depart,45.899900,25.778400,43,6179.5
10-depart,45.900400,25.777500,44,6268.7
10-depart,45.900500,25.777300,45,6287.8
10-depart,45.902800,25.773900,46,6655.1
10-depart,45.903000,25.773500,47,6693.3
10-return,45.903000,25.773500,0,0.0
10-return,45.903300,25.772800,1,63.7
10-return,45.903300,25.772700,2,71.4
10-return,45.902500,25.772600,3,160.8
10-return,45.901400,25.772200,4,287.1
10-return,45.901100,25.772300,5,321.4
10-return,45.900900,25.772500,6,348.5
10-return,45.900100,25.775900,7,626.6
10-return,45.899500,25.779700,8,928.4
10-return,45.899100,25.780800,9,1024.6
10-return,45.898700,25.782800,10,1185.8
10-return,45.898600,25.784700,11,1333.4
10-return,45.898100,25.785900,12,1441.8
10-return,45.897900,25.787000,13,1529.9
10-return,45.896900,25.790300,14,1808.7
10-return,45.897100,25.790500,15,1835.8
10-return,45.896600,25.791100,16,1908.3
10-return,45.896100,25.791900,17,1991.6
10-return,45.895400,25.792800,18,2096.2
10-return,45.894200,25.794800,19,2300.8
10-return,45.893900,25.795100,20,2341.5
10-return,45.892200,25.795700,21,2536.4
10-return,45.891100,25.796300,22,2667.3
10-return,45.889500,25.796600,23,2847.0
10-return,45.889400,25.796300,24,2872.7
10-return,45.889200,25.796700,25,2910.9
10-return,45.887200,25.798700,26,3182.2
10-return,45.885300,25.799900,27,3413.2
10-return,45.884700,25.800100,28,3481.8
10-return,45.883900,25.800200,29,3571.2
10-return,45.883300,25.800000,30,3639.7
10-return,45.882600,25.799500,31,3726.8
10-return,45.880800,25.797900,32,3962.4
10-return,45.879800,25.797300,33,4083.0
10-return,45.879200,25.797100,34,4151.6
10-return,45.878000,25.797000,35,4285.4
10-return,45.876900,25.798400,36,4449.0
10-return,45.876600,25.798500,37,4483.3
10-return,45.875500,25.797500,38,4628.2
10-return,45.874100,25.796400,39,4805.9
10-return,45.871800,25.795500,40,5071.2
10-return,45.868900,25.792800,41,5456.0
10-return,45.870300,25.790700,42,5681.3
10-return,45.871100,25.789300,43,5821.7
10-return,45.871400,25.789100,44,5858.5
10-return,45.871400,25.789000,45,5866.3
10-return,45.871100,25.788900,46,5900.5
10-return,45.870200,25.787900,47,6027.2
10-return,45.869400,25.786700,48,6156.0
10-return,45.869200,25.786700,49,6178.2
10-return,45.868600,25.787100,50,6251.9
10-return,45.867700,25.787400,51,6354.7
10-return,45.867800,25.786400,52,6433.0
10-return,45.866600,25.785800,53,6574.5
10-return,45.863100,25.784500,54,6976.9
10-return,45.862900,25.784200,55,7009.1
10-return,45.863100,25.783900,56,7041.3
10-return,45.863300,25.783700,57,7068.5
10-return,45.863500,25.783700,58,7090.7
10-return,45.863600,25.783900,59,7109.8
10-return,45.863200,25.786400,60,7308.7
10-return,45.863600,25.786500,61,7353.9
10B-depart,45.863853,25.778143,0,0.0
10B-depart,45.863861,25.778148,1,1.0
10B-depart,45.864120,25.778310,2,32.4
10B-depart,45.864195,25.778353,3,41.4
10B-depart,45.864261,25.778384,4,49.1
10B-depart,45.864326,25.778407,5,56.6
10B-depart,45.864395,25.778430,6,64.5
10B-depart,45.864565,25.778464,7,83.6
10B-depart,45.865003,25.778546,8,132.8
10B-depart,45.865601,25.778658,9,199.9
10B-depart,45.865709,25.778683,10,212.1
10B-depart,45.865695,25.778793,11,220.7
10B-depart,45.865619,25.779340,12,264.0
10B-depart,45.865569,25.779655,13,289.0
10B-depart,45.865546,25.779757,14,297.3
10B-depart,45.865525,25.779830,15,303.4
10B-depart,45.865480,25.779928,16,312.5
10B-depart,45.864839,25.781029,17,423.8
10B-depart,45.864508,25.781641,18,483.9
10B-depart,45.864407,25.781856,19,504.0
10B-depart,45.863691,25.783628,20,662.8
10B-depart,45.863635,25.783756,21,674.5
10B-depart,45.863572,25.783860,22,685.2
10B-depart,45.863436,25.784676,23,750.2
10B-depart,45.863391,25.785000,24,775.8
10B-depart,45.863364,25.785192,25,791.0
10B-depart,45.863223,25.786200,26,870.7
10B-depart,45.863213,25.786275,27,876.6
10B-depart,45.863195,25.786398,28,886.4
10B-depart,45.863262,25.786416,29,894.0
10B-depart,45.863353,25.786441,30,904.3
10B-depart,45.863612,25.786513,31,933.7
10B-depart,45.864294,25.786704,32,1011.0
10B-depart,45.864625,25.786799,33,1048.6
10B-depart,45.864873,25.786878,34,1076.9
10B-depart,45.864919,25.786893,35,1082.1
10B-depart,45.864955,25.786926,36,1086.9
10B-depart,45.864987,25.786965,37,1091.5
10B-depart,45.865004,25.787012,38,1095.6
10B-depart,45.865007,25.787067,39,1099.9
10B-depart,45.865003,25.787131,40,1104.9
10B-depart,45.864864,25.787782,41,1157.7
10B-depart,45.864778,25.788118,42,1185.4
10B-depart,45.864767,25.788168,43,1189.5
10B-depart,45.864758,25.788206,44,1192.6
10B-depart,45.864725,25.788343,45,1203.8
10B-depart,45.864691,25.788490,46,1215.9
10B-depart,45.864651,25.788693,47,1232.2
10B-depart,45.864606,25.788950,48,1252.8
10B-depart,45.864594,25.789037,49,1259.6
10B-depart,45.864563,25.789288,50,1279.4
10B-depart,45.864550,25.789420,51,1289.7
10B-depart,45.864520,25.789955,52,1331.3
10B-depart,45.864519,25.789987,53,1333.8
10B-depart,45.864516,25.790122,54,1344.3
10B-depart,45.864472,25.790901,55,1404.9
10B-depart,45.864460,25.791105,56,1420.7
10B-depart,45.864377,25.791399,57,1445.3
10B-depart,45.864298,25.791686,58,1469.3
10B-depart,45.864160,25.792180,59,1510.5
10B-depart,45.864130,25.792271,60,1518.3
10B-depart,45.864114,25.792316,61,1522.2
10B-depart,45.864053,25.792543,62,1541.1
10B-depart,45.863867,25.793143,63,1592.0
10B-depart,45.863769,25.793458,64,1618.8
10B-depart,45.863729,25.793592,65,1630.1
10B-depart,45.863701,25.793725,66,1640.8
10B-depart,45.863684,25.793845,67,1650.3
10B-depart,45.863675,25.793968,68,1659.9
10B-depart,45.863671,25.794097,69,1669.9
10B-depart,45.863678,25.794223,70,1679.7
10B-depart,45.863695,25.794358,71,1690.4
10B-depart,45.863933,25.795408,72,1776.0
10B-depart,45.863999,25.795683,73,1798.5
10B-depart,45.864067,25.795951,74,1820.6
10B-depart,45.864101,25.796116,75,1833.9
10B-depart,45.864176,25.796112,76,1842.3
10B-depart,45.864208,25.796110,77,1845.9
10B-depart,45.864423,25.796098,78,1869.8
10B-depart,45.864548,25.796090,79,1883.7
10B-depart,45.864740,25.796078,80,1905.1
10B-depart,45.865696,25.796034,81,2011.6
10B-depart,45.865754,25.796032,82,2018.1
10B-depart,45.865800,25.796030,83,2023.2
10B-depart,45.865888,25.796028,84,2033.0
10B-depart,45.866621,25.795991,85,2114.6
10B-depart,45.866898,25.795968,86,2145.5
10B-depart,45.867193,25.795941,87,2178.4
10B-depart,45.867454,25.795918,88,2207.5
10B-depart,45.867512,25.795911,89,2214.0
10B-depart,45.867595,25.795895,90,2223.4
10B-depart,45.867665,25.795877,91,2231.3
10B-depart,45.867744,25.795849,92,2240.3
10B-depart,45.867815,25.795810,93,2248.8
10B-depart,45.867872,25.795764,94,2256.1
10B-depart,45.867913,25.795716,95,2262.0
10B-depart,45.867945,25.795668,96,2267.1
10B-depart,45.867972,25.795610,97,2272.5
10B-depart,45.868001,25.795534,98,2279.2
10B-depart,45.868130,25.795159,99,2311.7
10B-depart,45.868250,25.794729,100,2347.6
10B-depart,45.868301,25.794575,101,2360.8
10B-depart,45.868409,25.794251,102,2388.6
10B-depart,45.868718,25.793382,103,2464.3
10B-depart,45.868863,25.792964,104,2500.5
10B-depart,45.868904,25.792851,105,2510.3
10B-depart,45.868923,25.792803,106,2514.6
10B-depart,45.868953,25.792829,107,2518.5
10B-depart,45.869003,25.792872,108,2525.0
10B-depart,45.869248,25.793090,109,2557.1
10B-depart,45.869743,25.793530,110,2621.9
10B-depart,45.869773,25.793559,111,2625.9
10B-depart,45.869843,25.793628,112,2635.4
10B-depart,45.869916,25.793698,113,2645.1
10B-depart,45.870310,25.794074,114,2697.8
10B-depart,45.871176,25.794913,115,2814.1
10B-depart,45.871200,25.794937,116,2817.3
10B-depart,45.871442,25.795174,117,2849.9
10B-depart,45.871637,25.795353,118,2875.7
10B-depart,45.871714,25.795419,119,2885.7
10B-depart,45.871790,25.795478,120,2895.3
10B-depart,45.871855,25.795518,121,2903.2
10B-depart,45.871939,25.795563,122,2913.2
10B-depart,45.872021,25.795598,123,2922.7
10B-depart,45.872021,25.795598,124,2922.7
10B-depart,45.872212,25.795679,125,2944.8
10B-depart,45.872301,25.795712,126,2955.1
10B-depart,45.872370,25.795737,127,2963.0
10B-depart,45.872760,25.795874,128,3007.7
10B-depart,45.873264,25.796055,129,3065.5
10B-depart,45.873614,25.796172,130,3105.5
10B-depart,45.873871,25.796278,131,3135.3
10B-depart,45.874076,25.796377,132,3159.4
10B-depart,45.874243,25.796485,133,3179.8
10B-depart,45.874385,25.796595,134,3197.7
10B-depart,45.874628,25.796781,135,3228.4
10B-depart,45.875214,25.797232,136,3302.4
10B-depart,45.875355,25.797341,137,3320.2
10B-depart,45.875514,25.797470,138,3340.5
10B-depart,45.875767,25.797689,139,3373.4
10B-depart,45.875881,25.797795,140,3388.5
10B-depart,45.876234,25.798121,141,3435.3
10B-depart,45.876475,25.798370,142,3468.3
10B-depart,45.876698,25.798634,143,3500.5
10B-depart,45.876753,25.798577,144,3508.0
10B-depart,45.876799,25.798522,145,3514.7
10B-depart,45.876860,25.798456,146,3523.2
10B-depart,45.876904,25.798405,147,3529.5
10B-depart,45.877074,25.798212,148,3553.6
10B-depart,45.877891,25.797132,149,3677.2
10B-depart,45.877953,25.797062,150,3686.0
10B-depart,45.877995,25.797027,151,3691.4
10B-depart,45.878045,25.796998,152,3697.4
10B-depart,45.878096,25.796979,153,3703.3
10B-depart,45.878151,25.796975,154,3709.4
10B-depart,45.878202,25.796977,155,3715.1
10B-depart,45.878404,25.797003,156,3737.6
10B-depart,45.878567,25.797016,157,3755.8
10B-depart,45.878903,25.797052,158,3793.3
10B-depart,45.879156,25.797080,159,3821.6
10B-depart,45.879443,25.797138,160,3853.8
10B-depart,45.879567,25.797181,161,3868.0
10B-depart,45.879805,25.797284,162,3895.7
10B-depart,45.880120,25.797451,163,3933.1
10B-depart,45.880793,25.797873,164,4014.8
10B-depart,45.880948,25.797985,165,4034.1
10B-depart,45.881074,25.798084,166,4050.1
10B-depart,45.881266,25.798264,167,4075.7
10B-depart,45.881791,25.798763,168,4145.7
10B-depart,45.882113,25.799088,169,4189.5
10B-depart,45.882311,25.799288,170,4216.5
10B-depart,45.882564,25.799527,171,4250.2
10B-depart,45.882816,25.799735,172,4282.5
10B-depart,45.882911,25.799810,173,4294.6
10B-depart,45.883007,25.799872,174,4306.3
10B-depart,45.883251,25.800012,175,4335.6
10B-depart,45.883462,25.800107,176,4360.2
10B-depart,45.883559,25.800140,177,4371.3
10B-depart,45.883735,25.800178,178,4391.1
10B-depart,45.883880,25.800199,179,4407.3
10B-depart,45.883998,25.800203,180,4420.5
10B-depart,45.884000,25.800203,181,4420.7
10B-depart,45.884102,25.800204,182,4432.0
10B-depart,45.884256,25.800199,183,4449.2
10B-depart,45.884451,25.800179,184,4471.0
10B-depart,45.884618,25.800151,185,4489.7
10B-depart,45.884750,25.800121,186,4504.5
10B-depart,45.884852,25.800084,187,4516.3
10B-depart,45.885076,25.800000,188,4542.0
10B-depart,45.885300,25.799883,189,4568.6
10B-depart,45.885607,25.799699,190,4605.6
10B-depart,45.886415,25.799206,191,4703.3
10B-depart,45.886648,25.799071,192,4731.3
10B-depart,45.886874,25.798920,193,4759.0
10B-depart,45.886957,25.798860,194,4769.4
10B-depart,45.887191,25.798682,195,4798.8
10B-depart,45.887401,25.798499,196,4826.2
10B-depart,45.887738,25.798155,197,4872.2
10B-depart,45.888252,25.797611,198,4943.3
10B-depart,45.888530,25.797292,199,4982.9
10B-depart,45.888910,25.796891,200,5035.4
10B-depart,45.889078,25.796825,201,5054.8
10B-depart,45.889174,25.796756,202,5066.7
10B-depart,45.889189,25.796749,203,5068.5
10B-depart,45.889299,25.796699,204,5081.3
10B-depart,45.889488,25.796660,205,5102.6
10B-depart,45.889568,25.796650,206,5111.5
10B-depart,45.889659,25.796638,207,5121.7
10B-depart,45.890419,25.796539,208,5206.6
10B-depart,45.890862,25.796459,209,5256.3
10B-depart,45.891103,25.796397,210,5283.6
10B-depart,45.891356,25.796277,211,5313.2
10B-depart,45.891768,25.795984,212,5364.4
10B-depart,45.891976,25.795807,213,5391.3
10B-depart,45.892180,25.795714,214,5415.2
10B-depart,45.892717,25.795546,215,5476.3
10B-depart,45.893644,25.795181,216,5583.3
10B-depart,45.893874,25.795083,217,5610.0
10B-depart,45.894020,25.794981,218,5628.1
10B-depart,45.894150,25.794842,219,5646.1
10B-depart,45.894326,25.794573,220,5674.8
10B-depart,45.894621,25.794048,221,5727.0
10B-depart,45.894951,25.793476,222,5784.6
10B-depart,45.895089,25.793239,223,5808.5
10B-depart,45.895197,25.793042,224,5828.0
10B-depart,45.895368,25.792771,225,5856.3
10B-depart,45.895589,25.792487,226,5889.3
10B-depart,45.895907,25.792153,227,5933.2
10B-depart,45.896071,25.791950,228,5957.3
10B-depart,45.896227,25.791713,229,5982.5
10B-depart,45.896385,25.791445,230,6009.7
10B-depart,45.896574,25.791090,231,6044.4
10B-depart,45.896674,25.790819,232,6068.1
10B-depart,45.896896,25.790320,233,6114.0
10B-depart,45.897052,25.789809,234,6157.2
10B-depart,45.897287,25.789015,235,6224.1
10B-depart,45.897592,25.787953,236,6313.1
10B-depart,45.897625,25.787850,237,6321.9
10B-depart,45.897893,25.787009,238,6393.5
10B-depart,45.897950,25.786803,239,6410.7
10B-depart,45.897995,25.786642,240,6424.2
10B-depart,45.898017,25.786519,241,6434.0
10B-depart,45.898040,25.786344,242,6447.8
10B-depart,45.898093,25.786072,243,6469.7
10B-depart,45.898126,25.785947,244,6480.0
10B-depart,45.898166,25.785829,245,6490.2
10B-depart,45.898216,25.785712,246,6500.8
10B-depart,45.898446,25.785224,247,6546.5
10B-depart,45.898507,25.785099,248,6558.3
10B-depart,45.898566,25.784916,249,6573.9
10B-depart,45.898629,25.784652,250,6595.6
10B-depart,45.898651,25.784444,251,6611.9
10B-depart,45.898666,25.784237,252,6628.0
10B-depart,45.898656,25.783869,253,6656.5
10B-depart,45.898646,25.783576,254,6679.2
10B-depart,45.898646,25.783508,255,6684.5
10B-depart,45.898638,25.783243,256,6705.1
10B-depart,45.898634,25.782973,257,6726.0
10B-depart,45.898657,25.782774,258,6741.6
10B-depart,45.898698,25.782568,259,6758.2
10B-depart,45.898791,25.782260,260,6784.2
10B-depart,45.898823,25.782141,261,6794.1
10B-depart,45.898857,25.782025,262,6803.9
10B-depart,45.898900,25.781822,263,6820.3
10B-depart,45.899022,25.781163,264,6873.1
10B-depart,45.899078,25.780924,265,6892.7
10B-depart,45.899114,25.780789,266,6903.9
10B-depart,45.899161,25.780636,267,6916.8
10B-depart,45.899325,25.780298,268,6948.7
10B-depart,45.899402,25.780105,269,6966.0
10B-depart,45.899459,25.779904,270,6982.8
10B-depart,45.899506,25.779707,271,6998.9
10B-depart,45.899531,25.779536,272,7012.5
10B-depart,45.899603,25.778951,273,7058.5
10B-depart,45.899687,25.778988,274,7068.3
10B-depart,45.899739,25.778825,275,7082.2
10B-depart,45.899747,25.778799,276,7084.4
10B-depart,45.899810,25.778613,277,7100.4
10B-depart,45.899908,25.778378,278,7121.6
10B-depart,45.900004,25.778200,279,7139.1
10B-depart,45.900374,25.777622,280,7199.9
10B-depart,45.900446,25.777500,281,7212.3
10B-depart,45.900462,25.777443,282,7217.0
10B-depart,45.900492,25.777254,283,7232.1
10B-depart,45.901164,25.776293,284,7337.6
10B-depart,45.901505,25.775828,285,7389.9
10B-depart,45.901542,25.775774,286,7395.8
10B-depart,45.901713,25.775528,287,7422.7
10B-depart,45.901902,25.775266,288,7452.0
10B-depart,45.902159,25.774877,289,7493.5
10B-depart,45.902437,25.774489,290,7536.7
10B-depart,45.902704,25.774118,291,7578.0
10B-depart,45.902838,25.773937,292,7598.5
10B-depart,45.902890,25.773844,293,7607.7
10B-depart,45.902943,25.773729,294,7618.4
10B-depart,45.903010,25.773569,295,7632.9
10B-depart,45.903047,25.773462,296,7642.1
10B-return,45.903047,25.773462,0,0.0
10B-return,45.903184,25.773062,1,34.5
10B-return,45.903222,25.773001,2,40.9
10B-return,45.903257,25.772926,3,47.9
10B-return,45.903279,25.772874,4,52.6
10B-return,45.903300,25.772867,5,55.0
10B-return,45.903320,25.772850,6,57.6
10B-return,45.903335,25.772826,7,60.1
10B-return,45.903344,25.772797,8,62.5
10B-return,45.903346,25.772765,9,65.0
10B-return,45.903342,25.772734,10,67.5
10B-return,45.903330,25.772702,11,70.3
10B-return,45.903312,25.772679,12,73.0
10B-return,45.903289,25.772665,13,75.7
10B-return,45.903264,25.772663,14,78.5
10B-return,45.903240,25.772673,15,81.3
10B-return,45.903220,25.772694,16,84.1
10B-return,45.903206,25.772723,17,86.8
10B-return,45.903162,25.772707,18,91.9
10B-return,45.903110,25.772699,19,97.7
10B-return,45.902733,25.772669,20,139.7
10B-return,45.902656,25.772657,21,148.3
10B-return,45.902528,25.772633,22,162.7
10B-return,45.902298,25.772571,23,188.7
10B-return,45.902161,25.772525,24,204.4
10B-return,45.901985,25.772451,25,224.8
10B-return,45.901660,25.772327,26,262.3
10B-return,45.901508,25.772263,27,279.9
10B-return,45.901375,25.772237,28,294.8
10B-return,45.901250,25.772244,29,308.8
10B-return,45.901150,25.772256,30,319.9
10B-return,45.901051,25.772275,31,331.0
10B-return,45.900953,25.772449,32,348.4
10B-return,45.900931,25.772488,33,352.3
10B-return,45.900924,25.772514,34,354.4
10B-return,45.900894,25.772624,35,363.6
10B-return,45.900769,25.773051,36,399.5
10B-return,45.900652,25.773551,37,440.3
10B-return,45.900419,25.774416,38,512.2
10B-return,45.900299,25.774915,39,553.1
10B-return,45.900220,25.775326,40,586.1
10B-return,45.900108,25.775875,41,630.4
10B-return,45.900044,25.776214,42,657.7
10B-return,45.900011,25.776465,43,677.4
10B-return,45.899986,25.776644,44,691.6
10B-return,45.899946,25.777013,45,720.5
10B-return,45.899918,25.777248,46,739.0
10B-return,45.899899,25.777370,47,748.7
10B-return,45.899875,25.777510,48,759.8
10B-return,45.899857,25.777607,49,767.6
10B-return,45.899804,25.777930,50,793.3
10B-return,45.899722,25.778408,51,831.5
10B-return,45.899676,25.778544,52,843.2
10B-return,45.899676,25.778544,53,843.2
10B-return,45.899643,25.778678,54,854.2
10B-return,45.899620,25.778811,55,864.8
10B-return,45.899603,25.778951,56,875.8
10B-return,45.899531,25.779536,57,921.8
10B-return,45.899506,25.779707,58,935.4
10B-return,45.899459,25.779904,59,951.5
10B-return,45.899402,25.780105,60,968.3
10B-return,45.899325,25.780298,61,985.6
10B-return,45.899161,25.780636,62,1017.5
10B-return,45.899114,25.780789,63,1030.4
10B-return,45.899078,25.780924,64,1041.6
10B-return,45.899022,25.781163,65,1061.2
10B-return,45.898900,25.781822,66,1114.0
10B-return,45.898857,25.782025,67,1130.4
10B-return,45.898823,25.782141,68,1140.2
10B-return,45.898791,25.782260,69,1150.1
10B-return,45.898698,25.782568,70,1176.1
10B-return,45.898657,25.782774,71,1192.7
10B-return,45.898634,25.782973,72,1208.3
10B-return,45.898638,25.783243,73,1229.2
10B-return,45.898646,25.783508,74,1249.8
10B-return,45.898646,25.783576,75,1255.1
10B-return,45.898656,25.783869,76,1277.8
10B-return,45.898666,25.784237,77,1306.3
10B-return,45.898651,25.784444,78,1322.4
10B-return,45.898629,25.784652,79,1338.7
10B-return,45.898566,25.784916,80,1360.4
10B-return,45.898507,25.785099,81,1376.0
10B-return,45.898446,25.785224,82,1387.8
10B-return,45.898216,25.785712,83,1433.5
10B-return,45.898166,25.785829,84,1444.1
10B-return,45.898126,25.785947,85,1454.3
10B-return,45.898093,25.786072,86,1464.6
10B-return,45.898063,25.786225,87,1476.9
10B-return,45.898040,25.786344,88,1486.5
10B-return,45.898017,25.786519,89,1500.3
10B-return,45.897995,25.786642,90,1510.2
10B-return,45.897950,25.786803,91,1523.6
10B-return,45.897893,25.787009,92,1540.8
10B-return,45.897592,25.787953,93,1621.2
10B-return,45.897287,25.789015,94,1710.2
10B-return,45.897052,25.789809,95,1777.1
10B-return,45.896896,25.790320,96,1820.3
10B-return,45.896674,25.790819,97,1866.2
10B-return,45.896574,25.791090,98,1889.9
10B-return,45.896385,25.791445,99,1924.6
10B-return,45.896227,25.791713,100,1951.8
10B-return,45.896071,25.791950,101,1977.1
10B-return,45.895907,25.792153,102,2001.1
10B-return,45.895589,25.792487,103,2045.0
10B-return,45.895368,25.792771,104,2078.0
10B-return,45.895197,25.793042,105,2106.3
10B-return,45.895089,25.793239,106,2125.8
10B-return,45.894951,25.793476,107,2149.7
10B-return,45.894621,25.794048,108,2207.3
10B-return,45.894326,25.794573,109,2259.6
10B-return,45.894150,25.794842,110,2288.2
10B-return,45.894020,25.794981,111,2306.2
10B-return,45.893874,25.795083,112,2324.3
10B-return,45.893644,25.795181,113,2351.0
10B-return,45.892717,25.795546,114,2458.0
10B-return,45.892180,25.795714,115,2519.2
10B-return,45.891976,25.795807,116,2543.0
10B-return,45.891768,25.795984,117,2569.9
10B-return,45.891356,25.796277,118,2621.1
10B-return,45.891103,25.796397,119,2650.7
10B-return,45.890862,25.796459,120,2678.0
10B-return,45.890419,25.796539,121,2727.7
10B-return,45.889659,25.796638,122,2812.6
10B-return,45.889568,25.796650,123,2822.8
10B-return,45.889488,25.796660,124,2831.7
10B-return,45.889299,25.796699,125,2853.0
10B-return,45.889174,25.796756,126,2867.6
10B-return,45.889237,25.796642,127,2878.9
10B-return,45.889174,25.796756,128,2890.2
10B-return,45.889078,25.796825,129,2902.1
10B-return,45.888910,25.796891,130,2921.5
10B-return,45.888530,25.797292,131,2974.0
10B-return,45.888252,25.797611,132,3013.6
10B-return,45.887738,25.798155,133,3084.7
10B-return,45.887401,25.798499,134,3130.7
10B-return,45.887191,25.798682,135,3158.0
10B-return,45.886957,25.798860,136,3187.5
10B-return,45.886874,25.798920,137,3197.8
10B-return,45.886648,25.799071,138,3225.6
10B-return,45.886415,25.799206,139,3253.5
10B-return,45.885607,25.799699,140,3351.3
10B-return,45.885300,25.799883,141,3388.3
10B-return,45.885076,25.800000,142,3414.8
10B-return,45.884852,25.800084,143,3440.6
10B-return,45.884750,25.800121,144,3452.3
10B-return,45.884618,25.800151,145,3467.2
10B-return,45.884451,25.800179,146,3485.9
10B-return,45.884256,25.800199,147,3507.7
10B-return,45.884102,25.800204,148,3524.8
10B-return,45.884000,25.800203,149,3536.2
10B-return,45.883998,25.800203,150,3536.4
10B-return,45.883880,25.800199,151,3549.5
10B-return,45.883735,25.800178,152,3565.8
10B-return,45.883559,25.800140,153,3585.6
10B-return,45.883462,25.800107,154,3596.7
10B-return,45.883251,25.800012,155,3621.3
10B-return,45.883007,25.799872,156,3650.5
10B-return,45.882911,25.799810,157,3662.3
10B-return,45.882816,25.799735,158,3674.3
10B-return,45.882564,25.799527,159,3706.7
10B-return,45.882311,25.799288,160,3740.4
10B-return,45.882113,25.799088,161,3767.3
10B-return,45.881791,25.798763,162,3811.1
10B-return,45.881266,25.798264,163,3881.2
10B-return,45.881074,25.798084,164,3906.7
10B-return,45.880948,25.797985,165,3922.7
10B-return,45.880793,25.797873,166,3942.0
10B-return,45.880120,25.797451,167,4023.8
10B-return,45.879805,25.797284,168,4061.2
10B-return,45.879567,25.797181,169,4088.8
10B-return,45.879443,25.797138,170,4103.0
10B-return,45.879156,25.797080,171,4135.3
10B-return,45.878997,25.797063,172,4153.0
10B-return,45.878567,25.797016,173,4201.0
10B-return,45.878404,25.797003,174,4219.2
10B-return,45.878202,25.796977,175,4241.8
10B-return,45.878151,25.796975,176,4247.5
10B-return,45.878096,25.796979,177,4253.6
10B-return,45.878045,25.796998,178,4259.5
10B-return,45.877995,25.797027,179,4265.5
10B-return,45.877953,25.797062,180,4270.9
10B-return,45.877891,25.797132,181,4279.7
10B-return,45.877074,25.798212,182,4403.3
10B-return,45.876904,25.798405,183,4427.4
10B-return,45.876860,25.798456,184,4433.7
10B-return,45.876799,25.798522,185,4442.2
10B-return,45.876753,25.798577,186,4448.8
10B-return,45.876698,25.798634,187,4456.4
10B-return,45.876475,25.798370,188,4488.6
10B-return,45.876234,25.798121,189,4521.6
10B-return,45.875881,25.797795,190,4568.3
10B-return,45.875767,25.797689,191,4583.4
10B-return,45.875514,25.797470,192,4616.3
10B-return,45.875355,25.797341,193,4636.7
10B-return,45.875214,25.797232,194,4654.5
10B-return,45.874628,25.796781,195,4728.5
10B-return,45.874385,25.796595,196,4759.1
10B-return,45.874243,25.796485,197,4777.1
10B-return,45.874076,25.796377,198,4797.5
10B-return,45.873871,25.796278,199,4821.6
10B-return,45.873614,25.796172,200,4851.3
10B-return,45.873264,25.796055,201,4891.3
10B-return,45.872760,25.795874,202,4949.2
10B-return,45.872370,25.795737,203,4993.9
10B-return,45.872301,25.795712,204,5001.8
10B-return,45.872212,25.795679,205,5012.0
10B-return,45.872021,25.795598,206,5034.2
10B-return,45.871939,25.795563,207,5043.7
10B-return,45.871855,25.795518,208,5053.7
10B-return,45.871790,25.795478,209,5061.6
10B-return,45.871714,25.795419,210,5071.2
10B-return,45.871637,25.795353,211,5081.2
10B-return,45.871442,25.795174,212,5106.9
10B-return,45.871389,25.795122,213,5114.1
10B-return,45.871200,25.794937,214,5139.5
10B-return,45.871176,25.794913,215,5142.8
10B-return,45.870310,25.794074,216,5259.1
10B-return,45.869916,25.793698,217,5311.7
10B-return,45.869843,25.793628,218,5321.5
10B-return,45.869773,25.793559,219,5331.0
10B-return,45.869743,25.793530,220,5335.0
10B-return,45.869289,25.793126,221,5394.4
10B-return,45.869003,25.792872,222,5431.9
10B-return,45.868953,25.792829,223,5438.4
10B-return,45.868923,25.792803,224,5442.3
10B-return,45.868960,25.792735,225,5448.9
10B-return,45.869024,25.792618,226,5460.5
10B-return,45.869144,25.792423,227,5480.6
10B-return,45.869511,25.791884,228,5539.1
10B-return,45.869546,25.791834,229,5544.6
10B-return,45.869948,25.791281,230,5606.5
10B-return,45.870161,25.790971,231,5640.3
10B-return,45.870310,25.790731,232,5665.2
10B-return,45.870452,25.790488,233,5689.8
10B-return,45.871098,25.789256,234,5809.4
10B-return,45.871156,25.789198,235,5817.2
10B-return,45.871190,25.789137,236,5823.3
10B-return,45.871207,25.789164,237,5826.1
10B-return,45.871228,25.789183,238,5828.9
10B-return,45.871259,25.789196,239,5832.5
10B-return,45.871291,25.789194,240,5836.0
10B-return,45.871311,25.789183,241,5838.4
10B-return,45.871330,25.789167,242,5840.9
10B-return,45.871350,25.789134,243,5844.3
10B-return,45.871363,25.789094,244,5847.7
10B-return,45.871366,25.789050,245,5851.1
10B-return,45.871359,25.789007,246,5854.5
10B-return,45.871343,25.788969,247,5858.0
10B-return,45.871317,25.788938,248,5861.7
10B-return,45.871284,25.788922,249,5865.6
10B-return,45.871250,25.788923,250,5869.4
10B-return,45.871218,25.788942,251,5873.2
10B-return,45.871193,25.788975,252,5877.0
10B-return,45.871182,25.788973,253,5878.3
10B-return,45.871131,25.788925,254,5885.0
10B-return,45.870845,25.788599,255,5925.7
10B-return,45.870754,25.788495,256,5938.6
10B-return,45.870345,25.788030,257,5996.7
10B-return,45.870215,25.787881,258,6015.2
10B-return,45.869900,25.787488,259,6061.7
10B-return,45.869488,25.786882,260,6127.3
10B-return,45.869369,25.786708,261,6146.2
10B-return,45.869323,25.786664,262,6152.4
10B-return,45.869267,25.786651,263,6158.7
10B-return,45.869219,25.786659,264,6164.1
10B-return,45.869169,25.786693,265,6170.2
10B-return,45.868928,25.786876,266,6200.6
10B-return,45.868832,25.786948,267,6212.6
10B-return,45.868739,25.787013,268,6224.1
10B-return,45.868670,25.787059,269,6232.6
10B-return,45.868597,25.787098,270,6241.3
10B-return,45.867944,25.787331,271,6316.2
10B-return,45.867838,25.787358,272,6328.2
10B-return,45.867658,25.787402,273,6348.5
10B-return,45.867707,25.787164,274,6367.7
10B-return,45.867744,25.786879,275,6390.2
10B-return,45.867768,25.786633,276,6409.5
10B-return,45.867783,25.786396,277,6427.9
10B-return,45.867719,25.786360,278,6435.6
10B-return,45.867581,25.786286,279,6452.0
10B-return,45.867113,25.786038,280,6507.5
10B-return,45.867052,25.786006,281,6514.7
10B-return,45.866738,25.785855,282,6551.6
10B-return,45.866643,25.785816,283,6562.6
10B-return,45.866479,25.785752,284,6581.5
10B-return,45.865941,25.785576,285,6642.9
10B-return,45.865692,25.785485,286,6671.5
10B-return,45.865634,25.785463,287,6678.2
10B-return,45.865486,25.785407,288,6695.2
10B-return,45.865296,25.785332,289,6717.2
10B-return,45.865212,25.785299,290,6726.9
10B-return,45.865147,25.785272,291,6734.4
10B-return,45.864794,25.785129,292,6775.2
10B-return,45.864758,25.785114,293,6779.4
10B-return,45.864563,25.785041,294,6801.8
10B-return,45.864478,25.785008,295,6811.6
10B-return,45.864379,25.784972,296,6823.0
10B-return,45.863816,25.784756,297,6887.9
10B-return,45.863580,25.784668,298,6915.0
10B-return,45.863535,25.784652,299,6920.2
10B-return,45.863347,25.784592,300,6941.6
10B-return,45.863194,25.784539,301,6959.1
10B-return,45.863129,25.784511,302,6966.7
10B-return,45.863082,25.784485,303,6972.3
10B-return,45.863031,25.784437,304,6979.1
10B-return,45.862995,25.784383,305,6984.9
10B-return,45.862977,25.784344,306,6988.5
10B-return,45.862955,25.784286,307,6993.6
10B-return,45.862942,25.784233,308,6998.0
10B-return,45.862943,25.784193,309,7001.1
10B-return,45.862965,25.784108,310,7008.1
10B-return,45.862979,25.784070,311,7011.5
10B-return,45.863006,25.784011,312,7016.9
10B-return,45.863088,25.783856,313,7032.0
10B-return,45.863137,25.783789,314,7039.6
10B-return,45.863182,25.783736,315,7046.0
10B-return,45.863237,25.783693,316,7053.0
10B-return,45.863290,25.783670,317,7059.2
10B-return,45.863344,25.783663,318,7065.2
10B-return,45.863375,25.783663,319,7068.7
10B-return,45.863415,25.783668,320,7073.1
10B-return,45.863452,25.783678,321,7077.3
10B-return,45.863483,25.783692,322,7080.9
10B-return,45.863516,25.783716,323,7085.0
10B-return,45.863540,25.783746,324,7088.6
10B-return,45.863552,25.783765,325,7090.6
10B-return,45.863564,25.783804,326,7093.9
10B-return,45.863572,25.783860,327,7098.3
10B-return,45.863436,25.784676,328,7163.4
10B-return,45.863391,25.785000,329,7189.0
10B-return,45.863364,25.785192,330,7204.2
10B-return,45.863223,25.786200,331,7283.9
10B-return,45.863213,25.786275,332,7289.8
10B-return,45.863195,25.786398,333,7299.5
10B-return,45.863262,25.786416,334,7307.1
10B-return,45.863353,25.786441,335,7317.4
10B-return,45.863612,25.786513,336,7346.8
10B-return,45.863353,25.786441,337,7376.2
10B-return,45.863262,25.786416,338,7386.5
10B-return,45.863195,25.786398,339,7394.1
10B-return,45.863213,25.786275,340,7403.8
10B-return,45.863223,25.786200,341,7409.7
10B-return,45.863364,25.785192,342,7489.4
10B-return,45.863391,25.785000,343,7504.6
10B-return,45.863436,25.784676,344,7530.2
10B-return,45.863572,25.783860,345,7595.3
10B-return,45.863635,25.783756,346,7605.9
10B-return,45.863691,25.783628,347,7617.7
10B-return,45.864407,25.781856,348,7776.5
10B-return,45.864508,25.781641,349,7796.6
10B-return,45.864839,25.781029,350,7856.6
10B-return,45.865480,25.779928,351,7967.9
10B-return,45.865525,25.779830,352,7977.0
10B-return,45.865546,25.779757,353,7983.1
10B-return,45.865569,25.779655,354,7991.4
10B-return,45.865619,25.779340,355,8016.5
10B-return,45.865695,25.778793,356,8059.7
10B-return,45.865709,25.778683,357,8068.4
10B-return,45.865601,25.778658,358,8080.6
10B-return,45.865003,25.778546,359,8147.7
10B-return,45.864565,25.778464,360,8196.9
10B-return,45.864395,25.778430,361,8216.0
10B-return,45.864326,25.778407,362,8223.9
10B-return,45.864261,25.778384,363,8231.3
10B-return,45.864195,25.778353,364,8239.0
10B-return,45.864120,25.778310,365,8248.0
10B-return,45.863861,25.778148,366,8279.5
10B-return,45.863853,25.778143,367,8280.4
6S-depart,45.873891,25.792307,0,0.0
6S-depart,45.873755,25.792620,1,28.6
6S-depart,45.873697,25.792754,2,40.8
6S-depart,45.873633,25.792909,3,54.8
6S-depart,45.873575,25.793051,4,67.6
6S-depart,45.873557,25.793094,5,71.4
6S-depart,45.873513,25.793197,6,80.8
6S-depart,45.873329,25.793626,7,119.9
6S-depart,45.873272,25.793758,8,131.9
6S-depart,45.873210,25.793903,9,145.1
6S-depart,45.873179,25.793975,10,151.6
6S-depart,45.873040,25.794307,11,181.7
6S-depart,45.873007,25.794383,12,188.6
6S-depart,45.872937,25.794537,13,202.9
6S-depart,45.872903,25.794610,14,209.7
6S-depart,45.872870,25.794682,15,216.4
6S-depart,45.872839,25.794748,16,222.5
6S-depart,45.872738,25.794967,17,242.9
6S-depart,45.872370,25.795737,18,315.3
6S-depart,45.872301,25.795712,19,323.2
6S-depart,45.872212,25.795679,20,333.4
6S-depart,45.872021,25.795598,21,355.6
6S-depart,45.871939,25.795563,22,365.1
6S-depart,45.871855,25.795518,23,375.1
6S-depart,45.871790,25.795478,24,383.0
6S-depart,45.871714,25.795419,25,392.6
6S-depart,45.871637,25.795353,26,402.6
6S-depart,45.871442,25.795174,27,428.3
6S-depart,45.871200,25.794937,28,460.9
6S-depart,45.871176,25.794913,29,464.2
6S-depart,45.870310,25.794074,30,580.5
6S-depart,45.869916,25.793698,31,633.1
6S-depart,45.869843,25.793628,32,642.9
6S-depart,45.869773,25.793559,33,652.4
6S-depart,45.869743,25.793530,34,656.4
6S-depart,45.869003,25.792872,35,753.3
6S-depart,45.868953,25.792829,36,759.8
6S-depart,45.868923,25.792803,37,763.7
6S-depart,45.868904,25.792851,38,767.9
6S-depart,45.868863,25.792964,39,777.8
6S-depart,45.868718,25.793382,40,814.0
6S-depart,45.868409,25.794251,41,889.7
6S-depart,45.868301,25.794575,42,917.5
6S-depart,45.868250,25.794729,43,930.7
6S-depart,45.868130,25.795159,44,966.6
6S-depart,45.868001,25.795534,45,999.0
6S-depart,45.867972,25.795610,46,1005.8
6S-depart,45.867945,25.795668,47,1011.2
6S-depart,45.867913,25.795716,48,1016.3
6S-depart,45.867872,25.795764,49,1022.2
6S-depart,45.867815,25.795810,50,1029.5
6S-depart,45.867744,25.795849,51,1038.0
6S-depart,45.867665,25.795877,52,1047.0
6S-depart,45.867595,25.795895,53,1054.9
6S-depart,45.867512,25.795911,54,1064.3
6S-depart,45.867454,25.795918,55,1070.7
6S-depart,45.866898,25.795968,56,1132.7
6S-depart,45.866621,25.795991,57,1163.6
6S-depart,45.865888,25.796028,58,1245.3
6S-depart,45.865800,25.796030,59,1255.1
6S-depart,45.865754,25.796032,60,1260.2
6S-depart,45.865696,25.796034,61,1266.7
6S-depart,45.864740,25.796078,62,1373.1
6S-depart,45.864548,25.796090,63,1394.5
6S-depart,45.864423,25.796098,64,1408.5
6S-depart,45.864208,25.796110,65,1432.4
6S-depart,45.864176,25.796112,66,1436.0
6S-depart,45.864101,25.796116,67,1444.3
6S-depart,45.864003,25.796123,68,1455.3
6S-depart,45.863832,25.796137,69,1474.3
6S-depart,45.863546,25.796161,70,1506.2
6S-depart,45.863281,25.796183,71,1535.8
6S-depart,45.862202,25.796259,72,1656.0
6S-depart,45.862041,25.796270,73,1674.0
6S-depart,45.861814,25.796289,74,1699.3
6S-depart,45.860281,25.796433,75,1870.3
6S-depart,45.860092,25.796452,76,1891.4
6S-depart,45.859944,25.796467,77,1907.9
6S-depart,45.859432,25.796516,78,1965.0
6S-depart,45.859334,25.796526,79,1976.0
6S-depart,45.859210,25.796535,80,1989.8
6S-depart,45.859096,25.796545,81,2002.5
6S-depart,45.858264,25.796621,82,2095.3
6S-depart,45.858213,25.796619,83,2101.0
6S-depart,45.858168,25.796611,84,2106.0
6S-depart,45.857981,25.796567,85,2127.1
6S-depart,45.857808,25.796527,86,2146.6
6S-depart,45.857769,25.796517,87,2151.0
6S-depart,45.857734,25.796508,88,2155.0
6S-depart,45.857734,25.796459,89,2158.8
6S-depart,45.857724,25.796412,90,2162.6
6S-depart,45.857703,25.796373,91,2166.4
6S-depart,45.857675,25.796345,92,2170.2
6S-depart,45.857642,25.796332,93,2174.0
6S-depart,45.857606,25.796335,94,2178.1
6S-depart,45.857573,25.796356,95,2182.1
6S-depart,45.857547,25.796391,96,2186.0
6S-depart,45.857531,25.796437,97,2190.0
6S-depart,45.857526,25.796482,98,2193.6
6S-depart,45.857531,25.796528,99,2197.2
6S-depart,45.857545,25.796569,100,2200.7
6S-depart,45.857568,25.796602,101,2204.3
6S-depart,45.857596,25.796623,102,2207.8
6S-depart,45.857627,25.796632,103,2211.4
6S-depart,45.857621,25.796684,104,2215.4
6S-depart,45.857616,25.796728,105,2218.9
6S-depart,45.857501,25.797809,106,2303.7
6S-depart,45.857620,25.797867,107,2317.7
6S-depart,45.858017,25.797987,108,2362.8
6S-depart,45.858270,25.798064,109,2391.6
6S-depart,45.858925,25.798255,110,2466.0
6S-depart,45.858989,25.798289,111,2473.6
6S-depart,45.859070,25.798396,112,2485.9
6S-depart,45.859176,25.798549,113,2502.6
6S-depart,45.860143,25.799813,114,2648.2
6S-depart,45.860440,25.800196,115,2692.6
6S-depart,45.860714,25.800549,116,2733.6
6S-depart,45.860835,25.800703,117,2751.6
6S-depart,45.861427,25.801455,118,2839.6
6S-depart,45.861839,25.801989,119,2901.4
6S-depart,45.861989,25.802175,120,2923.4
6S-depart,45.862149,25.802390,121,2947.8
6S-depart,45.862242,25.802533,122,2963.0
6S-depart,45.862269,25.802580,123,2967.7
6S-depart,45.862313,25.802655,124,2975.3
6S-depart,45.862281,25.802695,125,2980.0
6S-depart,45.862258,25.802747,126,2984.8
6S-depart,45.862247,25.802807,127,2989.6
6S-depart,45.862248,25.802868,128,2994.4
6S-depart,45.862263,25.802926,129,2999.1
6S-depart,45.862289,25.802975,130,3003.9
6S-depart,45.862324,25.803011,131,3008.7
6S-depart,45.862366,25.803062,132,3014.8
6S-depart,45.862487,25.803167,133,3030.6
6S-depart,45.862748,25.803365,134,3063.4
6S-depart,45.862919,25.803498,135,3085.1
6S-depart,45.863094,25.803638,136,3107.4
6S-depart,45.863167,25.803699,137,3116.8
6S-depart,45.863231,25.803762,138,3125.4
6S-depart,45.863292,25.803846,139,3134.8
6S-depart,45.863337,25.803933,140,3143.2
6S-depart,45.863366,25.804028,141,3151.3
6S-depart,45.863391,25.804142,142,3160.5
6S-depart,45.863426,25.804354,143,3177.4
6S-depart,45.863408,25.805245,144,3246.5
6S-depart,45.863400,25.805652,145,3278.1
6S-depart,45.863392,25.805922,146,3299.0
6S-depart,45.863309,25.806254,147,3326.4
6S-depart,45.863286,25.806337,148,3333.3
6S-depart,45.863265,25.806414,149,3339.7
6S-depart,45.863245,25.806441,150,3342.8
6S-depart,45.863230,25.806473,151,3345.8
6S-depart,45.863220,25.806521,152,3349.7
6S-depart,45.863219,25.806571,153,3353.5
6S-depart,45.863230,25.806618,154,3357.4
6S-depart,45.863250,25.806660,155,3361.3
6S-depart,45.863277,25.806690,156,3365.1
6S-depart,45.863297,25.806702,157,3367.5
6S-depart,45.863313,25.806829,158,3377.5
6S-depart,45.863352,25.807110,159,3399.7
6S-depart,45.863350,25.807233,160,3409.3
6S-depart,45.863348,25.807276,161,3412.6
6S-depart,45.863320,25.807947,162,3464.7
6S-depart,45.863309,25.808315,163,3493.3
6S-depart,45.863298,25.808564,164,3512.6
6S-depart,45.863276,25.809096,165,3553.9
6S-depart,45.863267,25.809291,166,3569.1
6S-depart,45.863245,25.809687,167,3599.9
6S-depart,45.863238,25.809795,168,3608.3
6S-depart,45.863212,25.809789,169,3611.2
6S-depart,45.863186,25.809795,170,3614.2
6S-depart,45.863163,25.809811,171,3617.0
6S-depart,45.863144,25.809837,172,3619.9
6S-depart,45.863131,25.809870,173,3622.9
6S-depart,45.863125,25.809912,174,3626.2
6S-depart,45.863130,25.809954,175,3629.5
6S-depart,45.863144,25.809991,176,3632.8
6S-depart,45.863158,25.810009,177,3634.8
